country_iso3,1980,1981,1982,1983,1984,1985,1986,1987,1988,1989,1990,1991,1992,1993,1994,1995,1996,1997,1998,1999,2000,2001,2002,2003,2004,2005,2006,2007,2008,2009,2010,2011,2012,2013,2014,2015,2016,2017,2018,2019,2020
CUB,n/a,n/a,n/a,n/a,n/a,n/a,n/a,n/a,n/a,n/a,n/a,n/a,n/a,n/a,n/a,n/a,n/a,n/a,n/a,n/a,n/a,n/a,n/a,n/a,n/a,n/a,n/a,n/a,n/a,n/a,n/a,n/a,n/a,n/a,n/a,n/a,n/a,n/a,n/a,n/a,"9,499.59"
CUW,n/a,n/a,n/a,n/a,n/a,n/a,n/a,n/a,n/a,n/a,n/a,n/a,n/a,n/a,n/a,n/a,n/a,n/a,n/a,n/a,n/a,n/a,n/a,n/a,n/a,n/a,n/a,n/a,n/a,n/a,n/a,n/a,n/a,n/a,n/a,n/a,n/a,n/a,n/a,n/a,"16,109.86"
ESH,n/a,n/a,n/a,n/a,n/a,n/a,n/a,n/a,n/a,n/a,n/a,n/a,n/a,n/a,n/a,n/a,n/a,n/a,n/a,n/a,n/a,n/a,n/a,n/a,n/a,n/a,n/a,n/a,n/a,n/a,n/a,n/a,n/a,n/a,n/a,n/a,n/a,n/a,n/a,n/a,"3,800"
GLP,n/a,n/a,n/a,n/a,n/a,n/a,n/a,n/a,n/a,n/a,n/a,n/a,n/a,n/a,n/a,n/a,n/a,n/a,n/a,n/a,n/a,n/a,n/a,n/a,n/a,n/a,n/a,n/a,n/a,n/a,n/a,n/a,n/a,n/a,n/a,n/a,n/a,n/a,n/a,n/a,"21,100"
GUF,n/a,n/a,n/a,n/a,n/a,n/a,n/a,n/a,n/a,n/a,n/a,n/a,n/a,n/a,n/a,n/a,n/a,n/a,n/a,n/a,n/a,n/a,n/a,n/a,n/a,n/a,n/a,n/a,n/a,n/a,n/a,n/a,n/a,n/a,n/a,n/a,n/a,n/a,n/a,n/a,"16,600"
GUM,n/a,n/a,n/a,n/a,n/a,n/a,n/a,n/a,n/a,n/a,n/a,n/a,n/a,n/a,n/a,n/a,n/a,n/a,n/a,n/a,n/a,n/a,n/a,n/a,n/a,n/a,n/a,n/a,n/a,n/a,n/a,n/a,n/a,n/a,n/a,n/a,n/a,n/a,n/a,n/a,"34,780.86"
MTQ,n/a,n/a,n/a,n/a,n/a,n/a,n/a,n/a,n/a,n/a,n/a,n/a,n/a,n/a,n/a,n/a,n/a,n/a,n/a,n/a,n/a,n/a,n/a,n/a,n/a,n/a,n/a,n/a,n/a,n/a,n/a,n/a,n/a,n/a,n/a,n/a,n/a,n/a,n/a,n/a,"24,465.139"
MYT,n/a,n/a,n/a,n/a,n/a,n/a,n/a,n/a,n/a,n/a,n/a,n/a,n/a,n/a,n/a,n/a,n/a,n/a,n/a,n/a,n/a,n/a,n/a,n/a,n/a,n/a,n/a,n/a,n/a,n/a,n/a,n/a,n/a,n/a,n/a,n/a,n/a,n/a,n/a,n/a,"11,300"
NCL,n/a,n/a,n/a,n/a,n/a,n/a,n/a,n/a,n/a,n/a,n/a,n/a,n/a,n/a,n/a,n/a,n/a,n/a,n/a,n/a,n/a,n/a,n/a,n/a,n/a,n/a,n/a,n/a,n/a,n/a,n/a,n/a,n/a,n/a,n/a,n/a,n/a,n/a,n/a,n/a,"34,800.76 "
PRK,n/a,n/a,n/a,n/a,n/a,n/a,n/a,n/a,n/a,n/a,n/a,n/a,n/a,n/a,n/a,n/a,n/a,n/a,n/a,n/a,n/a,n/a,n/a,n/a,n/a,n/a,n/a,n/a,n/a,n/a,n/a,n/a,n/a,n/a,n/a,n/a,n/a,n/a,n/a,n/a,"2,000"
PSE,n/a,n/a,n/a,n/a,n/a,n/a,n/a,n/a,n/a,n/a,n/a,n/a,n/a,n/a,n/a,n/a,n/a,n/a,n/a,n/a,n/a,n/a,n/a,n/a,n/a,n/a,n/a,n/a,n/a,n/a,n/a,n/a,n/a,n/a,n/a,n/a,n/a,n/a,n/a,n/a,"3,233.57"
PYF,n/a,n/a,n/a,n/a,n/a,n/a,n/a,n/a,n/a,n/a,n/a,n/a,n/a,n/a,n/a,n/a,n/a,n/a,n/a,n/a,n/a,n/a,n/a,n/a,n/a,n/a,n/a,n/a,n/a,n/a,n/a,n/a,n/a,n/a,n/a,n/a,n/a,n/a,n/a,n/a,"18,910.38 "
REU,n/a,n/a,n/a,n/a,n/a,n/a,n/a,n/a,n/a,n/a,n/a,n/a,n/a,n/a,n/a,n/a,n/a,n/a,n/a,n/a,n/a,n/a,n/a,n/a,n/a,n/a,n/a,n/a,n/a,n/a,n/a,n/a,n/a,n/a,n/a,n/a,n/a,n/a,n/a,n/a,"23,800"
VIR,n/a,n/a,n/a,n/a,n/a,n/a,n/a,n/a,n/a,n/a,n/a,n/a,n/a,n/a,n/a,n/a,n/a,n/a,n/a,n/a,n/a,n/a,n/a,n/a,n/a,n/a,n/a,n/a,n/a,n/a,n/a,n/a,n/a,n/a,n/a,n/a,n/a,n/a,n/a,n/a,"39,552.17"
AFG,n/a,n/a,n/a,n/a,n/a,n/a,n/a,n/a,n/a,n/a,n/a,n/a,n/a,n/a,n/a,n/a,n/a,n/a,n/a,n/a,"1,442.77","1,442.77","1,442.77","1,506.22","1,459.35","1,576.70","1,611.29","1,758.62","1,781.23","2,093.42","2,207.11","2,278.49","2,513.14","2,569.34","2,555.97","2,506.35","2,492.65","2,515.55","2,392.42","2,439.68","2,265.59"
ALB,"5,557.57","5,757.86","5,800.94","5,741.68","5,734.58","5,533.62","5,731.62","5,573.34","5,392.61","5,764.05","5,095.15","3,690.69","3,445.79","3,799.70","4,182.47","4,582.93","5,031.15","4,509.66","4,938.81","5,610.89","6,039.00","6,601.50","6,921.70","7,331.76","7,768.49","8,239.88","8,781.47","9,377.49","10,158.46","10,570.20","11,016.58","11,327.43","11,506.99","11,643.60","11,874.77","12,173.64","12,597.30","13,088.31","13,654.82","13,944.39","13,477.83"
DZA,"9,167.43","9,157.89","9,440.85","9,634.42","9,857.32","9,928.72","9,648.10","9,334.91","8,891.56","9,092.00","9,046.80","8,721.78","8,649.50","8,271.49","8,017.58","8,158.72","8,318.74","8,271.55","8,557.28","8,696.13","8,866.51","9,000.33","9,365.17","9,891.16","10,163.17","10,602.61","10,620.87","10,814.69","10,835.35","10,800.82","10,970.54","11,061.48","11,200.25","11,272.73","11,456.69","11,628.19","11,743.75","11,644.06","11,546.61","11,412.23","10,533.62"
AGO,"3,248.27","3,023.63","2,945.70","2,991.11","3,088.91","2,837.13","2,838.31","2,880.58","2,976.51","2,898.26","2,725.51","2,965.87","3,207.82","3,456.02","3,708.03","3,973.12","4,289.72","4,467.73","4,541.09","4,505.00","4,507.39","4,560.17","5,032.38","5,031.88","5,420.41","6,053.43","6,555.79","7,256.57","7,831.88","7,669.05","7,807.48","7,843.26","8,265.29","8,422.13","8,571.17","8,399.10","7,937.85","7,681.96","7,303.50","7,048.23","6,570.95"
ATG,"8,035.58","8,408.03","8,498.44","9,085.00","10,172.40","11,136.33","12,635.23","13,710.38","14,643.35","15,554.47","16,038.71","16,254.99","16,178.35","16,656.05","17,318.97","16,127.97","16,729.13","17,159.03","17,492.82","17,703.65","18,497.42","17,286.29","17,276.90","18,127.92","18,963.21","19,963.80","22,264.66","24,066.56","23,802.48","20,697.26","18,925.37","18,362.98","18,694.80","18,301.18","18,708.43","19,129.79","19,876.07","20,190.63","21,267.02","21,652.16","17,648.97"
ARG,"18,295.43","16,941.52","16,135.87","16,504.37","16,552.43","15,143.02","16,019.23","16,239.41","15,729.40","14,448.22","13,961.36","15,221.16","16,562.77","17,340.00","18,118.16","17,387.03","18,130.83","19,376.36","19,898.28","19,016.97","18,669.29","17,667.36","15,591.77","16,829.23","18,158.06","19,577.84","20,947.87","22,610.96","23,297.92","21,706.68","23,521.27","24,647.63","24,118.87","24,424.14","23,550.10","23,933.89","23,189.53","23,597.12","22,759.40","22,063.90","19,670.57"
ARM,n/a,n/a,n/a,n/a,n/a,n/a,n/a,n/a,n/a,n/a,n/a,n/a,"2,869.12","2,524.43","2,725.45","3,008.39","3,213.80","3,354.41","3,599.15","3,737.29","3,968.86","4,373.03","5,037.01","5,763.71","6,388.34","7,338.39","8,334.60","9,512.25","10,207.27","8,792.45","8,996.94","9,414.58","10,079.40","10,388.32","10,744.19","11,074.41","11,087.77","11,974.03","12,644.05","13,601.65","12,570.87"
ABW,n/a,n/a,n/a,n/a,n/a,n/a,"25,189.61","29,571.56","34,887.99","38,327.58","38,327.58","39,863.37","40,773.92","40,974.63","42,101.80","41,962.60","40,843.26","42,048.19","41,793.71","41,794.80","44,506.17","42,601.83","41,102.57","41,440.53","43,773.25","43,174.77","42,851.50","43,398.42","43,134.25","37,986.67","36,626.13","37,564.67","36,420.71","37,292.45","37,126.98","36,486.35","36,288.17","36,893.48","37,165.12","37,150.92","27,575.07"
AUS,"26,452.68","27,109.57","26,683.51","26,223.37","27,542.77","28,637.74","28,905.79","29,846.84","30,570.99","31,513.15","31,552.57","30,860.71","31,329.90","32,254.30","33,505.01","34,025.77","35,034.68","36,278.77","37,590.04","38,822.10","39,532.63","40,052.24","41,243.13","41,915.74","43,167.38","43,892.25","44,389.34","45,497.43","45,712.69","45,739.97","46,171.74","46,748.72","47,664.11","47,908.13","48,428.30","48,841.21","49,340.40","49,748.18","50,353.96","50,573.63","48,989.64"
AUT,"31,351.34","31,257.22","31,813.60","32,802.37","32,907.66","33,623.19","34,374.22","34,905.29","35,195.95","36,477.37","37,811.12","38,777.15","39,142.25","38,931.14","39,634.01","40,591.21","41,508.62","42,329.64","43,797.56","45,267.01","46,682.69","47,093.64","47,635.49","47,870.01","48,871.10","49,628.58","51,077.82","52,807.70","53,409.28","51,275.73","52,095.40","53,442.50","53,564.92","53,256.78","53,190.42","53,197.15","53,570.83","54,390.55","55,354.63","56,303.44","52,343.46"
AZE,n/a,n/a,n/a,n/a,n/a,n/a,n/a,n/a,n/a,n/a,n/a,n/a,"6,014.74","4,608.01","3,647.88","3,153.36","3,198.56","3,449.86","3,621.40","3,995.18","4,202.02","4,429.60","4,802.08","5,242.49","5,672.81","7,174.54","9,528.12","11,798.40","12,878.90","13,860.63","14,403.00","13,999.84","14,116.13","14,747.14","14,966.79","14,941.15","14,315.38","14,184.79","14,269.47","14,464.20","13,679.50"
BHS,"33,979.27","32,377.16","33,631.15","35,116.32","35,173.98","36,142.64","36,453.83","37,172.44","37,234.98","37,449.39","37,216.18","35,063.80","33,145.78","32,679.30","33,131.96","33,881.55","34,715.14","35,825.74","36,902.18","38,903.23","39,877.10","40,319.27","40,813.33","39,733.13","39,538.06","40,340.28","40,853.84","40,950.31","39,532.60","37,451.15","37,607.49","37,420.10","38,149.10","36,717.05","36,694.38","36,372.77","36,490.50","37,211.84","37,914.46","37,952.38","31,422.26"
BHR,"44,999.95","44,474.09","45,665.91","47,248.85","47,622.14","45,608.11","44,267.01","42,219.68","43,179.68","42,099.80","43,198.22","42,418.50","44,699.05","46,848.98","47,097.89","46,756.83","47,021.61","46,873.72","47,868.80","49,408.69","51,500.17","50,888.65","48,948.39","48,357.61","48,013.99","47,510.52","46,811.96","46,847.33","46,748.23","45,010.86","44,826.72","47,228.90","48,424.65","49,246.00","48,989.61","48,164.15","48,006.93","47,486.02","48,239.43","49,840.30","46,226.93"
BGD,"1,358.24","1,396.83","1,404.43","1,431.47","1,452.91","1,468.33","1,487.13","1,490.99","1,487.49","1,512.77","1,544.41","1,572.34","1,611.44","1,645.06","1,682.90","1,725.94","1,774.26","1,829.33","1,882.10","1,944.39","2,013.57","2,071.46","2,132.64","2,217.11","2,314.84","2,424.46","2,555.89","2,689.31","2,805.31","2,921.60","3,063.12","3,224.92","3,387.44","3,550.66","3,731.97","3,943.01","4,181.10","4,450.31","4,756.74","5,113.78","5,030.92"
BRB,"13,206.74","12,910.46","12,241.03","12,269.52","12,677.60","12,780.44","13,389.76","13,691.23","14,120.22","14,576.06","14,045.46","13,451.14","12,640.45","12,697.74","12,906.27","13,120.48","13,590.46","14,181.18","14,656.44","14,651.06","15,251.02","14,843.88","14,917.61","15,197.84","15,364.63","15,920.32","16,759.77","17,059.90","17,106.50","16,171.09","15,739.03","15,575.63","15,451.41","15,183.51","15,117.44","15,441.95","15,782.48","15,817.71","15,685.70","15,630.64","12,847.05"
BLR,n/a,n/a,n/a,n/a,n/a,n/a,n/a,n/a,n/a,n/a,"8,980.75","8,868.63","7,999.97","7,375.37","6,520.10","5,826.44","6,008.82","6,728.35","7,331.22","7,596.74","8,057.66","8,465.72","8,944.30","9,640.58","10,818.21","11,921.31","13,204.75","14,421.56","15,959.19","16,033.04","17,309.91","18,262.20","18,591.03","18,771.77","19,080.23","18,324.38","17,827.79","18,267.24","18,866.27","19,173.50","19,136.25"
BEL,"29,535.24","29,428.08","29,629.56","29,711.62","30,459.86","30,948.23","31,508.59","32,216.25","33,700.43","34,687.28","35,703.02","36,214.80","36,640.64","36,121.25","37,167.59","37,941.47","38,395.51","39,745.55","40,437.59","41,782.14","43,227.87","43,599.69","44,144.69","44,404.27","45,810.48","46,652.45","47,544.57","48,952.15","48,791.60","47,422.23","48,389.94","48,490.87","48,517.37","48,468.52","49,044.86","49,794.68","50,096.31","50,719.83","51,426.78","52,063.49","48,435.76"
BLZ,"2,984.51","2,984.94","2,709.08","2,795.17","3,029.17","2,905.34","3,029.22","3,600.79","3,913.82","4,403.80","4,760.08","5,169.09","5,648.12","5,826.89","5,647.04","5,542.08","5,481.61","5,478.88","5,479.49","5,848.13","6,383.67","6,584.43","6,724.33","7,167.69","7,320.64","7,272.67","7,428.68","7,273.35","7,330.33","7,066.80","7,200.12","7,125.26","7,110.99","7,019.08","7,115.71","7,115.99","6,931.33","6,872.66","6,891.11","6,835.33","5,731.23"
BEN,"2,564.60","2,526.44","2,492.36","2,365.58","2,302.52","2,325.24","2,315.01","2,198.76","2,202.74","2,078.56","2,195.70","2,212.49","2,200.05","2,248.34","2,216.51","2,274.35","2,299.23","2,358.57","2,380.51","2,411.99","2,478.22","2,532.63","2,570.79","2,579.70","2,614.21","2,581.64","2,606.82","2,685.13","2,738.19","2,724.09","2,704.70","2,707.87","2,759.85","2,876.91","2,975.85","2,945.97","2,961.44","3,044.51","3,159.36","3,283.83","3,257.79"
BTN,"1,343.09","1,486.03","1,567.15","1,644.33","1,726.87","1,752.03","1,832.77","2,128.74","2,373.93","2,459.13","2,652.82","2,787.90","2,883.71","3,027.37","3,137.25","3,345.68","3,517.82","3,655.84","3,781.16","3,938.49","4,099.58","4,259.78","4,532.50","4,867.31","5,110.02","5,354.27","5,634.98","6,282.23","6,886.11","7,196.82","7,783.44","8,447.25","8,886.37","9,092.63","9,338.28","9,738.41","10,332.50","10,851.90","11,208.40","11,639.56","11,431.73"
BOL,"6,029.03","5,585.80","5,256.07","4,940.48","4,829.75","4,651.68","4,439.28","4,455.63","4,491.51","4,566.42","4,680.41","4,826.16","4,805.31","4,871.24","4,956.93","5,087.44","5,205.62","5,357.03","5,517.51","5,435.12","5,466.67","5,456.09","5,490.27","5,538.60","5,668.52","5,816.88","5,992.21","6,160.77","6,431.64","6,539.32","6,699.71","6,936.48","7,177.46","7,421.93","7,711.95","7,964.95","8,191.72","8,406.74","8,633.84","8,696.33","7,909.48"
BIH,n/a,n/a,n/a,n/a,n/a,n/a,n/a,n/a,n/a,n/a,n/a,n/a,n/a,n/a,n/a,n/a,"4,581.21","5,668.81","6,458.79","7,132.06","7,432.96","7,600.44","7,976.01","8,281.56","8,792.73","9,157.86","9,673.91","10,268.68","10,866.18","10,829.45","11,006.82","11,240.31","11,331.12","11,803.80","12,145.04","12,713.62","13,280.09","13,836.66","14,483.75","14,993.05","14,263.49"
BWA,"4,552.54","4,834.44","5,402.33","5,772.17","5,929.27","6,158.32","6,451.40","7,149.66","8,513.03","8,597.65","9,016.55","9,301.72","9,020.30","9,127.35","8,819.20","9,205.70","9,514.00","10,049.72","9,912.99","10,666.30","10,694.22","10,561.64","11,056.15","11,428.33","11,597.48","11,974.42","12,803.72","13,672.33","14,323.07","13,048.43","13,986.79","14,770.51","15,246.01","16,786.27","17,264.49","16,714.47","17,117.19","17,253.31","17,656.73","17,818.26","16,013.27"
BRA,"11,391.52","10,652.22","10,484.55","9,912.99","10,221.08","10,802.57","11,386.78","11,572.04","11,390.94","11,549.92","10,744.86","10,673.59","10,451.81","10,766.10","11,163.16","11,476.90","11,395.94","11,600.78","11,461.36","11,342.66","11,669.35","11,667.51","11,869.50","11,858.18","12,393.26","12,643.12","12,998.51","13,643.39","14,190.40","14,027.78","14,936.01","15,394.31","15,554.69","15,886.78","15,831.19","15,137.91","14,522.03","14,596.87","14,736.82","14,827.29","14,139.65"
BRN,n/a,n/a,n/a,n/a,n/a,"88,095.96","83,983.63","81,542.66","78,691.08","78,826.65","77,449.40","77,715.51","79,367.16","77,772.64","78,053.03","79,787.87","80,079.72","77,015.29","74,653.71","75,136.39","75,400.26","75,597.72","75,934.02","76,931.68","75,148.61","75,692.59","77,497.81","73,472.45","69,665.08","67,424.29","68,072.73","69,441.78","69,139.42","66,898.52","64,532.73","63,523.17","61,236.05","60,280.82","58,553.73","58,555.74","59,123.71"
BGR,"14,268.84","14,980.72","15,565.16","15,992.00","16,698.20","16,986.58","17,892.49","18,758.52","19,260.13","19,248.07","17,607.46","15,847.24","14,663.55","13,110.50","12,780.85","12,719.52","11,819.67","10,220.53","10,733.48","9,891.39","10,259.48","10,999.89","11,722.01","12,396.26","13,263.20","14,289.87","15,340.31","16,429.73","17,506.78","17,011.77","17,241.07","18,074.86","18,245.57","18,403.22","18,863.40","19,748.77","20,653.17","21,533.74","22,358.21","23,346.14","22,577.40"
BFA,981.984,984.684,974.325,938.682,929.598,"1,008.31","1,060.69","1,030.97","1,062.50","1,057.07","1,023.12","1,086.44","1,060.04","1,067.41","1,052.35","1,082.37","1,168.83","1,208.55","1,261.02","1,315.83","1,303.11","1,350.13","1,368.96","1,433.61","1,454.60","1,534.51","1,582.45","1,598.63","1,640.96","1,639.20","1,724.78","1,784.49","1,843.54","1,893.04","1,917.31","1,934.78","1,991.16","2,053.51","2,131.57","2,189.65","2,144.63"
BDI,911.284,993.03,954.59,961.871,935.937,"1,016.44","1,019.60","1,045.08","1,066.41","1,050.03","1,055.41","1,084.64","1,065.24","1,000.54",945.837,854.913,772.302,762.966,785.268,771.27,762.145,752.266,747.541,748.139,753.704,783.06,801.411,804.928,817.097,821.152,836.463,844.029,855.054,870.183,880.664,821.668,791.413,770.707,760.306,751.541,720.298
CPV,"1,937.68","2,069.41","2,089.32","2,242.31","2,278.44","2,423.66","2,441.91","2,494.87","2,589.73","2,678.81","2,637.34","2,612.49","2,628.34","2,753.64","2,954.20","3,094.15","3,221.41","3,387.64","3,592.13","3,933.69","4,134.26","4,302.59","4,445.81","4,695.83","4,847.98","5,055.04","5,444.52","5,877.43","6,200.94","6,057.61","6,080.13","6,250.74","6,245.69","6,221.66","6,184.41","6,170.77","6,381.56","6,535.10","6,864.15","7,167.75","6,089.58"
KHM,n/a,n/a,n/a,n/a,n/a,n/a,n/a,972.221,"1,035.65","1,038.65","1,017.00","1,057.27","1,092.68","1,097.33","1,138.94","1,169.04","1,202.11","1,216.77","1,242.20","1,367.82","1,466.61","1,560.29","1,631.97","1,739.97","1,888.50","2,105.58","2,298.19","2,497.48","2,627.67","2,601.02","2,726.15","2,887.47","3,065.65","3,256.52","3,452.75","3,657.56","3,868.68","4,097.53","4,362.09","4,636.63","4,450.62"
CMR,"3,073.26","3,495.63","3,657.09","3,803.28","3,980.40","4,191.33","4,355.83","4,143.96","3,709.29","3,536.38","3,218.29","3,004.59","2,826.81","2,657.43","2,516.10","2,528.45","2,580.39","2,643.50","2,697.38","2,730.50","2,750.51","2,795.87","2,837.96","2,889.28","3,003.25","2,982.03","3,002.14","3,064.13","3,084.99","3,067.22","3,086.22","3,126.79","3,180.77","3,262.76","3,362.67","3,458.69","3,524.44","3,554.52","3,603.55","3,647.00","3,456.60"
CAN,"30,338.40","31,003.55","29,658.32","30,125.96","31,605.57","32,799.61","33,176.33","34,095.46","35,128.55","35,330.43","34,853.97","33,694.31","33,593.09","34,092.99","35,245.66","35,820.46","36,022.70","37,190.07","38,310.30","39,965.61","41,650.36","41,952.43","42,752.97","43,117.35","44,033.29","45,016.85","45,740.72","46,234.50","46,205.53","44,343.81","45,206.13","46,165.98","46,482.40","47,063.78","47,924.29","47,853.97","47,831.31","48,688.07","49,186.08","49,392.36","46,183.76"
CAF,"1,258.10","1,379.28","1,297.31","1,189.86","1,277.15","1,289.56","1,336.31","1,308.77","1,305.31","1,327.96","1,317.79","1,277.97","1,186.70","1,144.58","1,258.09","1,268.19","1,163.60","1,185.03","1,198.92","1,208.87","1,143.54","1,152.55","1,156.92","1,112.47","1,093.14","1,106.06","1,138.19","1,162.50","1,170.59","1,180.61","1,211.53","1,242.71","1,300.41",824.932,822.636,852.786,884.431,912.808,933.458,945.181,928.409
TCD,894.835,781.115,804.74,908.766,932.367,978.779,"1,007.16","1,011.96","1,053.88","1,040.16","1,039.38","1,111.38","1,102.22","1,045.29","1,067.41","1,024.53","1,011.45","1,032.67","1,066.57","1,022.00",976.379,"1,049.71","1,095.76","1,209.51","1,556.35","1,625.22","1,579.44","1,576.68","1,571.80","1,583.61","1,739.94","1,684.38","1,771.95","1,812.24","1,874.21","1,846.95","1,690.28","1,600.06","1,588.15","1,587.07","1,527.13"
CHL,"8,482.68","8,862.44","7,535.11","7,208.09","7,513.46","7,543.85","7,826.76","8,198.51","8,647.44","9,405.62","9,591.62","10,144.42","11,015.11","11,570.45","11,971.63","12,840.69","13,531.43","14,340.51","14,773.13","14,523.95","15,118.43","15,439.73","15,743.63","16,216.81","17,205.58","18,012.05","18,957.20","19,683.55","20,166.03","19,630.22","20,550.90","21,567.92","22,471.28","23,157.03","23,333.08","23,624.56","23,772.76","23,718.00","24,164.25","23,956.04","22,149.68"
CHN,673.845,698.537,749.555,819.591,931.963,"1,042.86","1,118.18","1,228.52","1,344.88","1,380.50","1,413.74","1,512.79","1,708.24","1,925.67","2,152.39","2,364.33","2,573.40","2,781.08","2,973.06","3,183.20","3,427.61","3,688.96","3,996.94","4,375.65","4,791.78","5,303.34","5,947.06","6,749.90","7,363.82","8,012.18","8,836.91","9,627.27","10,333.81","11,082.33","11,841.51","12,611.41","13,399.13","14,253.90","15,154.69","15,983.52","16,296.59"
COL,"6,967.02","6,970.40","6,885.41","6,845.96","6,928.33","7,192.28","7,456.47","7,695.61","7,844.10","7,947.04","8,121.94","8,145.34","8,333.28","8,644.15","8,927.75","9,235.12","9,274.00","9,467.87","9,376.08","8,868.78","8,993.17","9,028.01","9,138.76","9,378.84","9,758.00","10,093.15","10,642.82","11,225.19","11,457.08","11,451.66","11,826.73","12,501.48","12,840.86","13,345.69","13,787.83","14,036.05","14,168.84","14,202.93","14,408.72","14,721.96","13,578.11"
COM,"2,636.75","2,713.08","2,756.09","2,776.10","2,863.28","2,854.63","2,826.06","2,797.80","2,848.44","2,735.21","2,855.80","2,768.79","2,909.74","2,920.58","2,745.09","2,839.17","2,765.38","2,826.88","2,768.32","2,784.41","2,699.98","2,787.59","2,855.44","2,851.00","2,869.17","2,960.24","2,834.33","2,785.56","2,822.59","2,839.50","2,870.75","2,912.04","2,925.83","2,976.36","2,958.89","2,917.91","2,938.60","2,980.06","3,006.67","2,982.01","2,889.31"
COD,"2,508.20","2,451.01","2,361.92","2,318.71","2,353.38","2,288.77","2,320.24","2,306.11","2,242.81","2,143.81","1,939.01","1,718.54","1,479.99","1,231.77","1,114.81","1,109.15","1,057.64",929.496,875.958,826.128,736.81,700.908,700.018,716.151,740.305,760.863,775.932,798.209,820.82,817.334,847.634,877.318,910.037,956.451,"1,014.53","1,051.15","1,042.19","1,046.71","1,072.42","1,083.85","1,048.77"
COG,"4,239.25","4,219.75","4,192.05","4,163.81","4,135.07","4,105.86","4,076.22","4,046.18","4,784.90","5,460.30","5,349.54","5,368.00","5,456.02","5,392.97","5,187.69","5,261.84","5,312.94","5,131.32","5,454.20","5,125.48","5,588.15","5,188.93","5,112.25","5,010.43","4,878.59","5,198.02","5,476.24","4,989.31","5,174.59","5,635.88","6,044.48","6,027.14","6,465.04","6,262.42","6,520.04","6,135.17","5,344.95","4,986.53","4,552.22","4,413.57","3,969.51"
CRI,"10,304.65","9,773.99","8,798.19","8,793.06","9,229.79","9,023.83","9,245.16","9,418.95","9,483.90","9,765.13","9,872.70","9,866.14","10,539.02","10,998.45","11,162.69","11,300.75","11,148.62","11,463.63","11,987.24","12,197.34","12,760.62","12,727.74","12,936.72","13,283.94","13,653.14","13,982.47","14,784.53","15,771.54","16,279.90","15,902.11","16,443.35","16,948.67","17,546.98","17,756.30","18,156.75","18,593.60","19,145.00","19,711.65","19,893.07","20,111.86","18,949.28"
CIV,"6,078.55","6,150.86","5,933.35","5,505.09","5,248.26","5,234.61","5,278.55","5,056.18","5,066.56","5,012.20","4,762.99","4,581.18","4,396.60","3,994.13","3,884.58","3,985.24","4,190.65","4,318.19","4,416.29","4,374.00","4,174.98","4,074.12","3,904.65","3,753.97","3,703.90","3,672.18","3,633.38","3,603.81","3,601.80","3,624.67","3,604.10","3,342.14","3,611.33","3,846.17","4,078.37","4,326.53","4,519.97","4,729.65","4,927.42","5,101.84","5,085.77"
HRV,n/a,n/a,n/a,n/a,n/a,n/a,n/a,n/a,n/a,n/a,n/a,n/a,"13,976.75","13,152.39","14,235.93","15,423.87","16,180.25","16,961.12","17,549.45","17,182.94","18,531.14","19,416.09","20,518.51","21,669.87","21,893.98","22,821.86","23,972.11","25,209.78","25,698.61","23,843.47","23,588.16","24,294.71","23,785.86","23,746.37","23,765.74","24,540.50","25,581.45","26,775.70","27,769.85","28,711.16","26,274.29"
CYP,"15,502.30","15,776.75","16,580.59","17,235.55","18,506.10","19,158.69","19,613.08","20,785.40","22,280.57","23,734.60","24,967.78","24,497.08","26,102.26","25,646.75","26,598.54","28,948.27","28,820.75","29,139.13","30,512.33","31,678.62","33,196.99","34,160.01","35,030.58","35,537.80","36,850.19","38,102.25","39,311.64","40,557.27","41,039.90","39,173.17","38,878.59","38,076.75","35,814.77","33,318.21","33,009.32","34,513.58","36,679.08","38,277.37","39,843.85","40,522.44","38,018.91"
CZE,n/a,n/a,n/a,n/a,n/a,n/a,n/a,n/a,n/a,n/a,n/a,n/a,n/a,n/a,n/a,"22,775.97","23,833.84","23,738.38","23,676.73","24,026.62","25,015.95","25,893.25","26,379.25","27,347.48","28,656.47","30,537.76","32,525.38","34,234.50","34,851.06","32,965.44","33,650.93","34,162.84","33,834.28","33,784.40","34,560.82","36,333.73","37,200.66","39,031.09","40,160.98","40,936.80","38,503.23"
DNK,"31,953.00","31,730.72","32,928.98","33,800.86","35,240.73","36,659.28","38,416.91","38,450.54","38,414.06","38,656.71","39,182.94","39,644.89","40,299.05","40,158.25","42,167.87","43,286.06","44,243.99","45,477.60","46,310.78","47,508.30","49,137.15","49,363.70","49,417.48","49,469.83","50,656.61","51,710.88","53,574.78","53,866.24","53,310.08","50,367.04","51,091.82","51,533.52","51,467.39","51,743.65","52,349.88","53,268.95","54,540.79","55,673.46","56,565.92","57,929.05","55,864.37"
DJI,n/a,n/a,n/a,n/a,n/a,n/a,n/a,n/a,n/a,n/a,"5,252.21","4,881.47","4,775.19","4,331.54","4,156.25","3,902.31","3,654.35","3,511.59","3,419.84","3,423.81","3,354.31","3,321.45","3,335.48","3,348.02","3,347.32","3,357.45","3,423.59","3,497.41","3,599.66","3,558.21","3,604.85","3,762.40","3,837.14","3,919.28","4,081.75","4,275.32","4,446.60","4,545.09","4,796.88","5,016.20","4,830.77"
DMA,n/a,"5,245.49","5,481.73","5,642.16","5,900.16","6,005.60","6,453.62","6,885.45","7,450.46","7,463.07","7,895.87","8,031.07","8,193.42","8,369.88","8,372.03","8,625.01","8,892.07","9,085.64","9,427.73","9,460.40","9,680.92","9,674.04","9,407.04","10,011.79","10,324.53","10,399.65","10,891.86","11,592.12","12,426.36","12,289.71","12,389.91","12,362.19","12,545.57","12,451.64","12,979.71","12,400.69","12,464.15","11,055.18","10,896.14","11,720.53","10,496.30"
DOM,"6,194.06","6,314.59","6,275.55","6,413.90","6,341.69","6,059.92","6,122.87","6,580.45","6,565.76","6,706.20","6,216.83","6,168.02","6,736.66","7,101.83","7,161.59","7,443.12","7,761.73","8,318.83","8,736.93","9,117.25","9,403.75","9,504.66","9,800.07","9,538.21","9,659.02","10,439.47","11,267.42","11,967.65","12,211.27","12,194.67","13,074.43","13,341.20","13,561.01","14,071.39","14,912.89","15,791.32","16,684.41","17,301.38","18,334.61","19,090.48","17,639.28"
ECU,"8,397.63","8,481.71","8,346.59","7,892.21","8,004.93","8,139.87","8,178.53","7,499.40","8,075.31","7,903.12","7,952.79","8,170.49","8,278.71","8,264.42","8,442.29","8,470.16","8,470.36","8,698.20","8,848.50","8,306.91","8,274.16","8,416.16","8,574.25","8,658.24","9,208.57","9,576.10","9,823.60","9,861.92","10,301.95","10,173.61","10,340.20","10,968.06","11,396.85","11,768.18","12,021.48","11,847.54","11,525.33","11,623.72","11,603.14","11,440.19","10,435.53"
EGY,"5,080.96","5,049.20","5,273.47","5,589.06","5,874.27","6,133.13","6,262.74","6,389.95","6,511.71","6,561.64","6,655.62","6,657.65","6,542.17","6,525.59","6,666.01","6,807.72","6,994.14","7,247.89","7,642.00","7,940.52","8,184.93","8,304.69","8,401.97","8,491.78","8,673.45","8,881.87","9,292.58","9,761.93","10,237.96","10,479.53","10,766.92","10,711.91","10,684.91","10,763.74","10,796.83","10,990.31","11,215.98","11,158.25","11,521.27","11,940.25","12,123.99"
SLV,"5,817.54","5,423.00","5,041.46","5,088.53","5,124.84","5,115.55","5,073.54","5,138.79","5,162.71","5,131.20","5,287.24","5,294.02","5,588.17","5,833.35","6,028.60","6,239.13","6,222.27","6,354.48","6,465.07","6,551.77","6,577.08","6,591.01","6,655.52","6,723.70","6,750.02","6,900.44","7,167.76","7,269.59","7,392.85","7,208.15","7,328.71","7,575.63","7,754.68","7,892.44","7,990.45","8,143.02","8,309.63","8,454.05","8,615.57","8,775.38","7,983.04"
GNQ,840.575,840.552,798.301,774.656,727.844,774.124,721.643,726.33,723.094,693.835,690.254,660.344,850.246,908.329,"1,025.00","1,251.18","1,840.55","4,391.11","5,267.62","6,395.43","12,928.33","19,865.69","22,813.40","25,050.96","31,303.00","32,419.37","33,005.96","36,347.34","40,889.49","39,583.93","34,459.66","35,113.41","36,410.00","33,450.83","32,231.18","28,149.29","24,698.69","22,449.90","20,283.61","18,503.86","16,862.20"
ERI,n/a,n/a,n/a,n/a,n/a,n/a,n/a,n/a,n/a,n/a,n/a,n/a,"1,199.71","1,365.74","1,667.07","1,716.66","1,880.31","2,029.78","2,059.36","2,034.61","1,740.45","1,826.69","1,801.20","1,672.47","1,622.52","1,601.30","1,536.32","1,517.17","1,195.96","1,317.11","1,437.02","1,781.74","1,795.24","1,592.33","2,066.02","1,624.28","1,726.77","1,537.45","1,717.68","1,761.13","1,725.91"
EST,n/a,n/a,n/a,n/a,n/a,n/a,n/a,n/a,n/a,n/a,n/a,n/a,n/a,"12,176.28","12,254.84","12,768.62","13,598.01","15,548.49","16,378.32","16,264.31","17,821.62","19,007.99","20,429.98","22,114.22","23,752.38","26,155.79","28,867.53","31,195.83","29,687.78","25,451.70","26,196.11","28,227.18","29,209.49","29,708.23","30,657.41","31,221.49","32,207.44","33,937.44","35,292.54","36,918.45","35,779.90"
SWZ,"3,959.84","4,110.91","4,052.55","3,913.09","3,881.91","3,815.06","4,343.67","4,575.54","4,713.54","4,956.37","5,262.34","5,206.98","5,252.46","5,308.72","5,332.54","5,478.45","5,567.14","5,612.99","5,704.72","5,818.07","5,865.55","5,872.93","6,074.32","6,253.06","6,421.70","6,746.57","7,087.98","7,337.87","7,344.23","7,405.19","7,630.90","7,746.72","8,106.54","8,360.42","8,377.84","8,503.04","8,537.42","8,650.85","8,769.20","8,878.08","8,490.52"
ETH,863.024,842.7,827.19,864.751,817.929,701.508,745.194,821.762,800.245,770.92,765.065,686.199,604.155,662.211,663.286,682.232,751.849,751.469,700.455,724.709,775.02,808.127,798.888,736.923,802.283,880.479,956.855,"1,042.66","1,141.17","1,235.52","1,344.97","1,474.70","1,577.76","1,706.65","1,852.79","2,013.26","2,140.08","2,321.44","2,460.88","2,641.01","2,756.87"
FJI,"7,550.93","7,813.62","7,531.13","7,035.15","7,583.18","7,184.06","7,587.75","7,013.95","7,248.41","8,093.56","8,494.02","8,198.47","8,629.45","8,784.00","9,159.76","9,324.97","9,697.29","9,396.01","9,449.73","10,198.53","9,954.09","10,071.83","10,321.49","10,331.85","10,814.71","10,601.05","10,729.03","10,560.67","10,614.95","10,416.21","10,677.56","10,913.84","11,015.61","11,482.90","12,069.63","12,557.20","12,751.06","13,316.59","13,748.05","13,611.33","10,964.36"
FIN,"25,385.35","25,625.23","26,282.60","26,937.69","27,642.58","28,480.52","29,156.18","30,102.08","31,587.56","33,088.83","33,025.32","30,931.51","29,730.87","29,382.26","30,408.99","31,561.74","32,603.60","34,564.19","36,343.97","37,845.25","39,939.94","40,904.53","41,492.42","42,231.21","43,804.05","44,876.62","46,515.48","48,782.07","48,946.28","44,775.96","45,985.68","46,947.79","46,069.13","45,439.77","45,069.68","45,145.07","46,282.74","47,621.51","48,160.18","48,730.64","47,257.66"
FRA,"28,755.02","28,902.53","29,459.60","29,653.25","29,967.84","30,309.25","30,875.51","31,512.65","32,839.63","34,081.22","34,887.28","35,089.43","35,482.17","35,100.15","35,805.70","36,441.30","36,839.21","37,583.08","38,809.64","40,001.84","41,316.00","41,845.26","42,023.10","42,075.80","42,977.85","43,364.52","44,110.85","44,891.25","44,759.70","43,243.36","43,875.98","44,621.14","44,545.00","44,575.33","44,769.54","45,075.69","45,450.75","46,369.70","47,085.23","47,679.69","43,663.70"
GAB,"19,598.51","18,409.57","18,751.88","18,715.31","19,209.74","19,886.41","19,049.70","15,769.13","15,969.71","18,037.11","18,557.55","19,078.49","17,929.29","18,195.77","18,411.06","18,855.41","19,062.37","19,664.62","19,852.22","17,635.90","16,881.74","16,824.04","16,444.34","16,316.14","16,096.44","15,580.34","14,910.30","15,392.75","15,086.16","14,202.63","14,540.64","15,001.76","15,211.48","15,446.71","15,566.74","15,652.46","15,579.43","15,302.64","15,222.29","15,611.65","15,138.56"
GMB,"2,642.30","2,251.66","2,622.08","2,862.08","2,540.10","2,529.34","2,487.40","2,456.58","2,400.23","2,405.80","2,442.92","2,397.70","2,344.10","2,299.33","2,146.82","2,151.03","2,149.07","2,084.99","2,153.09","2,220.89","2,271.43","2,327.28","2,180.86","2,257.37","2,341.17","2,216.19","2,137.82","2,137.86","2,205.12","2,283.18","2,346.72","2,091.82","2,135.75","2,131.43","2,038.80","2,058.66","2,036.87","2,072.65","2,158.07","2,221.85","2,157.02"
GEO,n/a,n/a,n/a,n/a,n/a,n/a,n/a,n/a,n/a,n/a,n/a,"7,788.66","4,280.49","3,095.14","3,007.21","3,207.45","3,675.28","4,212.01","4,464.89","4,693.66","4,873.76","5,208.30","5,556.98","6,211.15","6,617.95","7,290.91","8,037.20","9,083.95","9,364.34","9,066.32","9,706.95","10,493.59","11,264.34","11,737.84","12,262.94","12,616.64","12,960.01","13,595.58","14,241.84","14,979.37","14,140.90"
DEU,"30,375.17","30,351.48","30,133.77","30,709.35","31,705.25","32,480.48","33,242.76","33,725.13","34,773.20","35,776.39","37,112.44","38,472.93","38,954.87","38,361.67","39,184.69","39,709.79","39,955.91","40,647.36","41,501.17","42,296.56","43,506.40","44,207.35","44,085.56","43,791.64","44,360.44","44,748.05","46,547.95","48,043.13","48,641.28","46,030.83","48,076.07","49,963.71","50,082.68","50,162.03","51,060.84","51,373.69","52,097.05","53,254.66","53,767.97","53,944.86","51,260.17"
GHA,"2,535.64","2,382.58","2,138.49","1,957.84","2,004.57","2,088.78","2,164.12","2,256.86","2,350.51","2,400.33","2,428.88","2,486.14","2,533.87","2,591.31","2,618.52","2,663.29","2,722.17","2,810.55","2,878.89","2,935.80","2,823.10","2,857.26","2,916.37","2,991.65","3,078.24","3,191.88","3,299.53","3,357.09","3,576.16","3,691.38","3,777.26","4,210.79","4,461.75","4,672.02","4,698.61","4,694.34","4,750.52","5,028.02","5,231.81","5,457.42","5,396.25"
GRC,"24,122.07","23,461.20","23,060.42","22,664.79","23,000.28","23,465.67","23,516.28","22,902.19","23,811.38","24,612.18","24,459.57","24,845.60","24,790.82","24,245.18","24,591.16","24,997.68","25,586.03","26,630.30","27,502.10","28,203.11","29,233.04","30,270.99","31,307.61","33,038.20","34,632.31","34,746.10","36,593.67","37,684.80","37,473.77","35,752.97","33,699.99","30,268.44","28,218.53","27,651.44","28,040.21","28,101.52","28,156.57","28,558.30","29,076.49","29,662.12","27,251.38"
GRD,"6,064.16","6,040.48","6,118.28","6,129.81","6,214.02","6,488.53","6,949.96","7,638.34","7,965.18","8,366.35","8,775.84","8,888.36","8,752.70","8,487.76","8,547.08","8,652.81","8,968.20","9,356.80","10,414.91","11,097.83","11,613.44","11,333.72","11,678.76","12,738.89","12,614.84","14,246.63","13,641.27","14,442.88","14,541.85","13,537.82","13,412.81","13,444.64","13,207.00","13,427.54","14,317.05","15,142.07","15,614.30","16,217.50","16,783.53","17,001.81","14,627.59"
GTM,"6,633.57","6,510.73","6,124.41","5,820.94","5,704.47","5,528.37","5,395.60","5,449.61","5,521.95","5,599.79","5,635.16","5,669.90","5,793.10","5,851.36","5,917.08","6,037.25","6,067.45","6,176.42","6,317.87","6,405.66","6,417.28","6,420.20","6,537.06","6,551.64","6,589.86","6,636.73","6,849.29","7,102.80","7,202.03","7,090.68","7,133.10","7,291.40","7,362.26","7,460.00","7,631.35","7,782.90","7,832.26","7,908.46","8,000.25","8,142.59","7,860.82"
GIN,n/a,n/a,n/a,n/a,n/a,n/a,n/a,n/a,n/a,n/a,"1,592.09","1,546.64","1,506.53","1,493.47","1,475.09","1,480.46","1,497.30","1,536.60","1,562.32","1,594.78","1,607.56","1,638.41","1,694.38","1,685.94","1,693.19","1,708.12","1,710.99","1,777.41","1,802.99","1,728.59","1,754.67","1,805.77","1,864.19","1,889.04","1,910.49","1,934.95","2,092.17","2,252.16","2,333.04","2,404.62","2,468.55"
GNB,"1,761.09","1,716.28","1,751.58","1,657.23","1,712.42","1,749.31","1,696.20","1,756.93","1,756.28","1,771.89","1,816.27","1,905.68","1,921.06","1,921.31","1,934.72","1,968.51","1,998.05","2,072.29","1,572.84","1,798.36","1,779.82","1,825.88","1,852.98","1,809.00","1,791.72","1,868.84","1,877.82","1,884.61","1,927.04","1,930.28","2,023.14","2,139.64","2,057.72","2,078.98","2,053.85","2,132.91","2,197.75","2,253.42","2,278.96","2,330.24","2,225.36"
GUY,"6,566.41","6,590.00","6,008.30","5,333.23","5,473.24","5,527.36","5,557.53","5,601.22","5,313.76","5,113.64","5,001.05","5,317.18","5,728.09","6,182.38","6,678.92","6,977.93","7,502.11","7,922.67","7,755.73","7,954.90","7,826.72","7,991.12","8,083.58","8,037.04","8,167.05","8,004.84","8,398.21","8,963.70","9,116.44","9,381.35","9,765.39","10,255.49","10,743.81","11,092.42","11,235.19","11,268.17","11,601.86","11,964.64","12,426.25","13,052.24","18,658.88"
HTI,"3,868.59","3,840.03","3,666.83","3,548.06","3,492.28","3,456.37","3,404.35","3,329.48","3,308.80","3,206.07","3,127.66","3,109.48","2,981.13","2,777.18","2,402.95","2,591.04","2,649.53","2,672.59","2,682.81","2,707.70","2,684.55","2,630.51","2,610.75","2,654.21","2,578.89","2,629.11","2,632.18","2,734.74","2,758.58","2,887.39","2,735.28","2,860.21","2,833.78","2,879.14","2,935.22","2,941.82","2,952.62","2,980.96","2,992.31","2,905.44","2,763.72"
HND,"4,081.36","4,054.96","3,878.32","3,726.91","3,771.92","3,811.70","3,727.42","3,837.10","3,897.04","3,951.04","3,843.39","3,856.85","3,960.30","4,090.25","3,924.51","3,970.11","3,996.13","4,077.08","4,077.55","3,935.73","4,108.77","4,109.78","4,154.93","4,235.63","4,390.48","4,546.26","4,733.55","4,914.32","5,011.63","4,787.87","4,866.98","4,956.41","5,065.46","5,113.46","5,177.42","5,283.41","5,394.33","5,557.93","5,663.90","5,713.68","5,165.84"
HKG,"16,829.21","17,950.57","18,187.83","18,957.39","20,542.94","20,428.40","22,430.48","25,291.53","27,084.68","27,435.81","28,360.47","29,651.27","31,113.18","32,434.39","33,710.41","33,681.17","34,288.10","35,759.67","33,315.06","33,871.31","36,065.46","36,166.42","36,790.21","37,699.39","40,777.29","43,533.17","46,145.89","48,887.69","49,745.16","48,296.51","51,157.78","53,187.94","53,628.38","54,985.74","56,177.47","57,071.93","57,777.33","59,676.48","60,774.21","59,740.42","56,420.76"
HUN,"16,156.83","16,626.18","17,115.73","17,277.05","17,788.43","17,813.12","18,153.24","18,979.69","19,049.04","19,267.92","18,677.30","16,458.84","15,953.75","15,875.02","16,366.60","16,804.12","16,844.04","17,407.20","18,123.03","18,728.78","19,627.02","20,470.70","21,493.96","22,444.67","23,585.29","24,632.42","25,678.76","25,769.07","26,096.23","24,381.88","24,697.34","25,246.35","25,033.16","25,558.15","26,725.30","27,805.17","28,475.32","29,801.55","31,476.66","32,934.56","31,309.80"
ISL,"30,139.32","31,098.78","31,378.16","30,265.82","31,135.00","31,867.51","33,642.44","36,225.28","35,695.11","35,168.28","35,317.94","34,952.29","33,270.99","33,366.39","34,221.22","34,015.54","35,439.01","37,218.28","39,590.80","40,686.54","42,203.99","43,229.84","42,984.17","43,616.61","46,680.08","49,031.61","51,031.37","53,946.27","53,777.17","49,048.04","47,919.36","48,677.90","49,022.77","50,891.12","51,143.68","52,856.27","55,608.74","56,944.80","57,901.09","57,967.73","53,051.87"
IND,"1,210.46","1,253.68","1,267.40","1,328.59","1,348.04","1,387.17","1,421.51","1,445.95","1,551.49","1,609.43","1,663.60","1,647.23","1,703.08","1,749.17","1,829.74","1,930.93","2,037.72","2,080.98","2,169.40","2,310.89","2,360.63","2,434.89","2,487.65","2,641.28","2,802.95","3,015.19","3,243.99","3,508.59","3,592.10","3,842.12","4,179.50","4,399.89","4,583.17","4,818.51","5,116.61","5,464.39","5,851.43","6,183.00","6,518.97","6,708.12","6,124.61"
IDN,"2,852.22","3,009.62","3,017.58","3,083.16","3,252.40","3,313.92","3,483.29","3,640.26","3,818.83","4,085.01","4,366.44","4,678.69","4,902.57","5,206.26","5,507.48","5,862.97","6,249.16","6,468.16","5,554.94","5,534.96","5,744.18","5,869.76","6,047.62","6,247.62","6,469.67","6,741.81","7,012.67","7,352.77","7,788.87","8,040.42","8,432.94","8,792.32","9,192.04","9,570.56","9,916.34","10,260.61","10,655.77","11,073.52","11,522.78","11,976.32","11,585.57"
IRN,"11,328.64","9,969.65","10,850.83","11,881.54","10,304.87","9,712.74","8,503.04","8,545.28","7,548.30","7,750.35","8,931.80","9,656.48","9,717.46","9,697.16","9,414.67","9,373.41","9,812.10","9,595.97","9,616.60","9,486.04","9,969.00","9,882.84","10,731.98","11,545.33","11,868.46","12,062.60","12,466.99","13,319.36","13,186.48","13,150.05","13,732.19","13,909.38","12,723.50","12,549.60","12,871.66","12,540.88","14,046.99","14,402.19","13,380.30","12,336.35","12,392.51"
IRQ,n/a,n/a,n/a,n/a,n/a,n/a,n/a,n/a,n/a,n/a,n/a,n/a,n/a,n/a,n/a,n/a,n/a,n/a,n/a,n/a,n/a,n/a,n/a,"5,155.32","7,695.85","7,623.70","7,856.39","7,816.33","8,261.36","8,332.89","8,637.55","9,056.08","10,059.04","10,554.47","10,151.67","10,346.33","11,603.67","10,916.39","10,722.58","10,917.05","9,482.15"
IRL,"20,615.78","20,873.47","20,962.62","20,667.18","21,178.35","21,523.70","21,611.28","22,360.84","23,134.29","24,580.69","26,503.94","26,786.96","27,520.99","28,003.42","29,556.31","32,253.16","34,944.90","38,297.07","41,237.52","44,856.06","48,077.25","49,985.05","51,997.48","53,053.62","55,357.69","57,151.30","58,335.04","59,710.97","56,112.49","52,932.08","53,459.78","53,537.83","53,241.77","53,747.81","57,885.75","71,817.66","72,360.19","78,299.41","84,250.30","88,086.78","89,476.95"
ISR,"19,574.24","20,352.97","20,278.88","20,370.60","20,555.53","21,095.60","21,510.26","22,750.46","23,175.08","23,106.03","23,887.88","23,532.08","24,343.88","24,611.33","25,674.69","27,406.00","28,090.24","28,474.89","28,952.60","29,252.79","31,002.21","30,306.37","29,657.91","29,456.11","30,327.20","31,000.81","32,207.59","33,560.76","34,021.67","33,535.22","34,754.55","35,718.05","35,956.69","36,813.52","37,536.02","37,626.10","38,303.64","38,918.09","39,503.50","40,090.13","38,436.15"
ITA,"29,816.93","29,934.74","29,957.60","30,213.87","31,122.98","31,925.64","32,785.28","33,792.79","35,145.06","36,262.60","36,952.04","37,450.91","37,702.47","37,355.86","38,116.52","39,137.73","39,633.68","40,336.24","41,046.34","41,710.17","43,278.76","44,094.50","44,176.85","44,082.43","44,380.40","44,404.51","45,004.49","45,499.15","44,684.19","42,029.15","42,564.48","42,690.62","41,269.31","40,280.44","40,098.06","40,401.53","41,011.84","41,748.26","42,214.90","42,423.51","38,733.80"
JAM,"7,957.10","8,162.55","8,273.22","8,447.72","8,508.78","8,306.22","8,808.47","9,418.20","8,989.17","9,393.30","9,680.90","9,697.70","9,892.88","10,028.46","10,127.30","10,288.97","10,217.03","9,952.43","9,736.23","9,737.76","9,723.52","9,762.13","9,771.62","10,093.55","10,190.51","10,244.89","10,504.48","10,618.46","10,494.35","10,100.81","9,920.97","10,035.02","9,958.60","9,968.47","10,017.36","10,090.25","10,233.18","10,286.74","10,455.17","10,544.60","9,455.81"
JPN,"22,330.96","23,102.06","23,700.45","24,366.79","25,298.50","26,457.11","27,192.00","28,341.81","30,137.03","31,477.76","32,908.17","33,898.24","34,065.15","33,779.34","33,980.73","34,785.81","35,797.50","36,062.77","35,509.48","35,324.26","36,230.93","36,284.71","36,223.56","36,712.20","37,485.39","38,156.34","38,681.72","39,252.31","38,791.51","36,623.68","38,111.41","38,049.96","38,657.44","39,500.44","39,683.85","40,348.25","40,657.98","41,408.95","41,722.89","41,936.73","40,048.32"
JOR,"9,578.84","10,657.52","10,784.38","10,373.41","10,508.02","9,970.11","10,112.56","10,001.34","9,818.09","8,338.96","8,035.75","7,808.63","8,366.89","8,173.68","8,182.83","8,372.71","8,172.02","8,316.96","8,422.20","8,509.96","8,719.69","8,983.53","9,441.46","9,612.37","10,132.20","10,641.67","11,156.68","11,545.17","11,782.47","11,773.38","11,440.01","11,144.06","10,818.34","10,545.37","10,412.35","10,264.49","10,140.90","10,089.53","10,075.43","10,103.11","9,769.03"
KAZ,n/a,n/a,n/a,n/a,n/a,n/a,n/a,n/a,n/a,n/a,n/a,n/a,"10,888.58","9,973.62","9,325.97","8,629.08","8,781.57","9,102.79","9,068.91","9,347.33","10,288.22","11,688.53","12,820.46","13,933.66","15,146.08","16,457.49","18,008.30","19,391.14","19,516.06","19,481.00","20,601.53","21,816.32","22,544.01","23,547.55","24,177.57","24,115.70","24,043.12","24,699.30","25,378.90","26,184.87","25,181.50"
KEN,"3,245.58","3,257.11","3,301.71","3,239.31","3,182.04","3,205.39","3,322.58","3,392.60","3,477.52","3,516.97","3,562.47","3,498.85","3,357.52","3,256.91","3,245.09","3,291.31","3,323.56","3,250.70","3,251.32","3,218.63","3,142.21","3,180.97","3,114.06","3,115.73","3,170.96","3,261.37","3,362.76","3,492.48","3,405.21","3,424.51","3,625.69","3,759.62","3,843.61","3,971.26","4,085.32","4,229.17","4,376.72","4,475.92","4,646.15","4,782.32","4,669.07"
KIR,"2,336.10","2,296.13","2,215.33","2,206.66","2,215.41","2,053.78","2,022.92","1,981.67","2,109.90","1,994.29","1,919.43","1,894.88","1,892.58","1,885.43","1,891.43","1,863.19","1,852.93","1,857.73","1,951.78","1,885.13","1,963.98","1,901.26","1,940.98","1,944.26","1,878.13","1,935.62","1,893.43","1,890.78","1,811.77","1,787.39","1,733.13","1,737.53","1,795.41","1,846.40","1,809.31","1,971.22","2,045.14","2,036.11","2,085.10","2,130.72","2,085.25"
KOR,"5,486.84","5,793.32","6,180.13","6,904.25","7,539.15","8,050.48","8,873.67","9,904.67","10,983.94","11,645.07","12,669.89","13,897.22","14,606.08","15,452.84","16,716.07","18,139.80","19,385.58","20,389.68","19,204.67","21,255.23","22,988.11","23,919.36","25,618.67","26,288.35","27,545.27","28,671.23","30,022.48","31,603.57","32,309.52","32,398.46","34,431.14","35,426.69","36,087.61","37,060.59","38,007.94","38,870.12","39,857.09","41,001.06","41,993.05","42,764.60","42,297.76"
UVK,n/a,n/a,n/a,n/a,n/a,n/a,n/a,n/a,n/a,n/a,n/a,n/a,n/a,n/a,n/a,n/a,n/a,n/a,n/a,n/a,"6,441.35","7,153.93","6,959.68","7,232.51","7,010.82","7,190.36","7,331.23","7,826.38","8,077.72","8,235.11","8,375.21","8,717.05","8,786.38","9,063.68","9,254.22","9,815.24","10,145.77","10,486.49","10,921.17","11,414.92","10,687.28"
KWT,"60,816.82","47,174.51","40,837.54","41,089.03","42,323.07","38,137.49","39,103.84","40,062.13","34,234.24","41,047.16","29,854.45","27,583.19","48,294.03","62,614.82","55,002.15","52,211.35","49,256.43","47,769.16","48,162.79","47,632.78","50,717.34","48,800.66","47,969.92","53,483.78","54,787.54","55,518.59","56,097.43","55,669.59","56,350.62","51,715.58","49,120.21","52,171.30","54,029.00","53,454.22","51,760.82","50,278.94","50,004.85","46,479.26","45,188.90","44,150.68","39,459.55"
KGZ,n/a,n/a,n/a,n/a,n/a,n/a,n/a,n/a,n/a,n/a,n/a,n/a,"3,975.38","3,400.76","2,715.22","2,556.69","2,695.56","2,921.49","2,938.76","2,999.13","3,117.91","3,252.26","3,221.52","3,416.94","3,613.77","3,563.33","3,636.32","3,903.05","4,165.31","4,238.22","4,163.70","4,363.93","4,301.76","4,677.59","4,770.26","4,855.55","4,961.37","5,094.37","5,172.43","5,291.87","4,773.83"
LAO,"1,527.30","1,728.37","1,769.11","1,776.41","1,840.82","1,954.87","1,993.10","1,919.33","1,826.56","1,951.32","2,006.00","2,026.34","2,106.52","2,168.38","2,283.48","2,383.98","2,489.46","2,603.90","2,665.56","2,724.87","2,851.91","2,940.57","3,092.95","3,234.95","3,415.04","3,595.23","3,853.88","4,087.34","4,332.96","4,575.25","4,862.59","5,169.54","5,489.18","5,842.03","6,193.50","6,543.80","6,896.29","7,255.17","7,592.99","7,833.41","7,688.63"
LVA,n/a,n/a,n/a,n/a,n/a,n/a,n/a,n/a,n/a,n/a,n/a,n/a,"9,959.35","8,850.54","9,187.14","9,451.78","9,816.53","10,794.23","11,593.05","12,017.76","12,792.89","13,765.51","14,946.44","16,359.10","17,928.15","20,087.40","22,715.77","25,208.87","24,559.45","21,339.45","20,806.27","22,642.30","23,948.90","24,756.26","25,301.55","26,519.03","27,384.62","28,547.99","29,938.45","30,774.61","29,868.51"
LBN,"18,445.88","18,508.87","11,646.48","14,204.58","20,398.33","25,221.86","23,435.04","27,282.86","19,464.65","11,079.15","9,330.08","12,370.45","12,277.53","12,448.96","12,827.28","13,176.11","13,395.79","14,568.10","14,992.46","14,657.24","14,452.09","14,458.04","14,266.13","13,827.02","14,275.26","14,263.72","14,299.10","15,605.56","17,030.15","18,584.38","19,499.17","18,727.01","18,039.03","17,537.62","16,970.44","16,299.21","16,100.92","15,987.65","15,588.15","14,551.59","10,962.09"
LSO,"1,195.43","1,200.50","1,235.39","1,240.20","1,318.08","1,330.37","1,350.73","1,317.88","1,382.38","1,417.78","1,450.70","1,498.97","1,531.73","1,553.03","1,589.21","1,554.52","1,644.20","1,700.15","1,722.69","1,748.75","1,833.09","1,891.69","1,920.03","1,996.66","2,042.96","2,104.92","2,196.22","2,290.41","2,360.60","2,353.26","2,456.69","2,563.71","2,677.56","2,706.73","2,744.20","2,814.53","2,848.36","2,752.74","2,706.54","2,717.07","2,576.25"
LBR,n/a,n/a,n/a,n/a,n/a,n/a,n/a,n/a,n/a,n/a,n/a,n/a,n/a,n/a,n/a,n/a,n/a,n/a,n/a,n/a,"1,730.26","1,714.62","1,748.66","1,220.72","1,245.15","1,283.79","1,345.38","1,462.28","1,487.99","1,504.24","1,544.44","1,613.49","1,702.74","1,807.91","1,777.16","1,734.28","1,663.78","1,662.31","1,640.79","1,559.60","1,475.93"
LBY,"99,828.95","76,308.61","73,977.31","67,649.30","59,460.03","60,153.44","51,328.41","41,985.89","40,035.28","41,051.61","45,193.13","51,069.37","48,570.23","45,717.38","45,699.95","39,191.74","39,475.60","38,597.97","37,761.56","37,339.96","38,041.94","36,802.53","35,903.53","39,977.91","41,079.35","45,297.92","47,394.62","49,621.03","39,938.13","38,224.64","38,909.42","13,231.46","28,028.24","17,755.00","8,351.11","7,191.72","6,594.48","10,708.89","12,498.71","14,007.05","5,586.42"
LTU,n/a,n/a,n/a,n/a,n/a,n/a,n/a,n/a,n/a,n/a,n/a,n/a,n/a,n/a,n/a,"10,652.60","11,296.31","12,325.46","13,343.53","13,285.16","13,873.40","14,900.90","16,035.04","17,873.97","19,263.33","21,093.65","23,021.99","25,884.83","26,836.20","23,109.13","23,988.61","26,018.36","27,383.20","28,643.77","29,913.02","30,807.02","31,987.07","33,826.61","35,495.29","37,133.51","36,802.64"
LUX,"42,909.91","43,122.09","43,534.57","44,355.87","46,415.61","48,919.43","53,554.78","55,310.33","59,478.10","64,665.83","67,339.17","72,177.62","72,498.26","74,480.88","76,216.19","76,945.76","76,992.02","80,526.28","84,697.89","90,691.15","96,940.69","98,172.65","100,762.71","101,433.95","103,559.24","105,392.56","108,993.59","116,338.07","113,042.53","105,990.32","109,250.22","109,885.39","106,782.99","108,173.36","110,228.50","112,262.43","114,689.98","113,905.41","115,237.08","115,601.89","111,857.71"
MAC,n/a,n/a,n/a,n/a,n/a,n/a,n/a,n/a,n/a,n/a,n/a,n/a,n/a,n/a,n/a,n/a,n/a,n/a,n/a,n/a,n/a,"51,475.00","55,525.10","61,132.71","74,743.76","77,169.70","82,535.30","90,151.07","91,324.86","93,699.46","115,073.95","138,694.03","145,081.96","153,937.95","143,982.75","111,184.32","110,759.76","120,286.60","125,320.68","119,835.59","53,158.13"
MDG,"2,335.30","2,050.87","1,960.15","1,927.28","1,910.33","1,880.77","1,864.72","1,833.20","1,840.89","1,859.86","1,853.05","1,686.16","1,656.34","1,641.21","1,591.42","1,569.04","1,553.58","1,560.97","1,571.63","1,594.48","1,614.38","1,658.94","1,409.40","1,501.27","1,533.70","1,559.88","1,596.75","1,639.88","1,700.70","1,587.57","1,553.41","1,534.94","1,538.52","1,531.79","1,540.75","1,546.77","1,566.76","1,586.40","1,595.24","1,623.48","1,515.79"
MWI,761.59,701.874,701.371,707.524,720.135,720.494,680.686,650.633,631.997,608.552,619.392,657.955,602.407,656.908,585.181,657.796,709.41,737.747,725.371,730.91,718.486,673.959,660.677,683.167,704.794,713.455,726.346,774.189,810.507,853.428,886.561,903.572,894.84,915.019,940.1,940.74,935.162,945.343,948.008,962.935,941.595
MYS,"7,506.77","7,834.30","8,093.10","8,390.06","8,821.06","8,470.57","8,339.50","8,565.57","9,188.88","9,784.54","10,222.57","11,029.63","11,682.02","12,488.30","13,272.84","14,196.84","15,218.86","15,923.80","14,379.32","14,877.23","15,764.36","15,433.11","15,868.02","16,393.50","17,110.04","17,573.53","18,309.68","19,270.19","19,835.39","19,199.82","20,279.34","21,005.00","21,818.40","22,310.47","23,269.51","24,060.44","24,775.66","25,897.24","26,831.16","27,864.58","25,975.52"
MDV,"4,669.32","4,847.45","5,050.52","5,087.35","5,767.90","6,312.84","6,602.91","7,006.18","7,424.23","7,908.50","7,303.36","7,455.34","7,719.86","7,920.93","8,294.07","8,740.07","9,330.85","10,087.39","10,849.09","11,401.02","11,767.56","11,914.63","12,435.08","15,345.77","16,023.22","13,717.33","16,997.01","17,953.76","19,357.93","17,662.11","18,632.85","19,895.17","20,059.35","21,164.67","22,341.01","22,606.04","23,642.09","24,928.29","26,509.73","27,893.66","18,588.02"
MLI,"1,436.62","1,371.36","1,188.63","1,201.44","1,204.98","1,219.85","1,271.66","1,283.36","1,266.64","1,383.31","1,489.25","1,574.59","1,516.68","1,532.57","1,549.37","1,553.47","1,622.97","1,657.26","1,662.35","1,720.80","1,674.12","1,877.98","1,880.46","1,990.95","1,960.28","2,023.15","2,050.10","2,052.97","2,080.36","2,106.40","2,149.19","2,149.84","2,067.93","2,053.85","2,136.47","2,203.45","2,264.92","2,315.16","2,353.40","2,392.48","2,275.82"
MLT,"15,660.67","15,943.63","15,864.39","15,692.07","15,945.90","16,190.50","16,366.50","17,177.10","18,222.97","19,328.99","20,032.66","20,660.51","22,093.22","22,735.19","23,545.71","24,944.09","25,806.41","26,844.10","27,556.87","28,433.00","27,980.15","27,463.83","27,938.08","28,882.00","28,736.55","29,502.22","30,068.71","31,456.47","32,482.65","31,872.53","33,387.48","33,465.66","34,630.30","36,096.69","38,226.51","40,920.99","41,571.69","43,991.84","44,771.97","45,542.46","40,625.04"
MHL,n/a,n/a,n/a,n/a,n/a,n/a,n/a,n/a,n/a,n/a,n/a,n/a,n/a,n/a,n/a,n/a,n/a,"3,034.88","2,969.19","2,888.74","2,909.60","3,147.96","3,319.58","3,249.09","3,210.48","3,239.32","3,215.18","3,304.14","3,052.96","3,144.39","3,318.15","3,281.98","3,198.42","3,310.39","3,264.39","3,302.72","3,337.77","3,434.34","3,526.07","3,733.88","3,589.13"
MRT,n/a,n/a,n/a,n/a,n/a,n/a,n/a,n/a,n/a,n/a,"4,639.81","4,515.57","4,470.99","4,603.93","4,339.84","4,633.75","4,766.90","4,446.42","4,441.85","4,649.49","4,340.54","4,182.97","4,119.66","4,280.25","4,358.04","4,602.92","5,620.47","5,358.87","5,198.82","5,069.21","5,071.26","5,150.20","5,249.40","5,337.72","5,436.77","5,598.34","5,538.07","5,601.83","5,593.04","5,776.14","5,530.13"
MUS,"4,860.63","5,070.85","5,284.60","5,256.32","5,450.00","5,777.36","6,291.90","6,879.70","7,296.52","7,564.16","8,050.23","8,317.03","8,742.90","9,078.94","9,323.01","9,639.51","10,074.58","10,515.09","11,036.90","11,182.01","11,979.75","12,267.50","12,380.84","13,027.10","13,502.25","13,617.51","14,165.94","14,909.17","15,655.63","16,131.72","16,797.82","17,454.77","18,014.98","18,579.35","19,236.06","19,893.44","20,646.51","21,415.34","22,203.33","22,852.14","19,235.73"
MEX,"15,382.36","16,282.50","15,808.53","14,900.75","15,059.33","15,050.46","14,275.53","14,219.47","14,111.82","14,405.04","14,864.31","15,205.52","15,462.02","15,610.23","16,107.46","14,850.68","15,609.96","16,427.70","17,025.02","17,248.74","17,862.55","17,555.73","17,308.62","17,320.65","17,761.17","17,930.84","18,477.01","18,624.14","18,553.79","17,308.16","17,929.57","18,325.54","18,738.30","18,748.61","19,044.55","19,442.92","19,732.02","19,933.50","20,162.00","19,952.03","18,134.08"
FSM,n/a,n/a,n/a,n/a,n/a,n/a,n/a,n/a,n/a,n/a,n/a,n/a,n/a,n/a,n/a,"3,085.04","2,982.79","2,795.43","2,865.42","2,902.30","3,036.15","3,108.01","3,135.61","3,194.68","3,102.96","3,175.52","3,188.26","3,142.68","3,089.76","3,137.99","3,225.81","3,322.88","3,255.18","3,129.92","3,052.44","3,187.96","3,211.06","3,291.46","3,292.68","3,326.40","3,266.20"
MDA,n/a,n/a,n/a,n/a,n/a,n/a,n/a,n/a,n/a,n/a,n/a,n/a,"8,399.13","8,319.90","5,742.56","5,666.82","5,349.48","5,453.15","5,106.63","4,940.94","5,057.13","5,376.42","5,810.99","6,213.20","6,685.94","7,208.41","7,573.03","7,818.58","8,440.69","7,942.75","8,514.49","9,012.12","8,959.09","9,774.45","10,270.28","10,323.89","10,856.48","11,547.40","12,227.64","12,895.12","12,144.28"
MNG,n/a,n/a,n/a,n/a,n/a,n/a,n/a,n/a,n/a,n/a,"5,371.70","4,761.00","4,241.32","4,069.07","4,117.03","4,314.68","4,347.13","4,454.93","4,539.49","4,613.11","4,608.48","4,764.18","4,947.45","5,248.80","5,682.82","5,982.98","6,390.77","6,851.75","7,261.37","6,979.37","7,368.53","8,486.77","9,345.92","10,211.94","10,775.68","10,809.05","10,717.48","11,083.56","11,664.39","12,048.93","11,209.56"
MNE,n/a,n/a,n/a,n/a,n/a,n/a,n/a,n/a,n/a,n/a,n/a,n/a,n/a,n/a,n/a,n/a,n/a,n/a,n/a,n/a,"12,439.22","12,526.36","12,714.12","12,978.77","13,525.53","14,072.96","15,265.83","16,282.73","17,421.14","16,376.21","16,788.50","17,306.17","16,821.22","17,401.38","17,694.68","18,282.83","18,819.03","19,703.46","20,710.63","21,536.16","18,249.91"
MAR,"3,368.44","3,192.09","3,410.08","3,312.48","3,376.10","3,506.27","3,709.64","3,531.53","3,812.20","3,813.76","3,952.45","4,157.33","3,995.35","3,895.29","4,233.65","3,945.91","4,371.67","4,243.34","4,487.83","4,474.41","4,498.25","4,763.02","4,846.60","5,068.00","5,242.02","5,344.86","5,676.26","5,802.43","6,069.17","6,248.11","6,406.71","6,660.62","6,778.09","7,000.59","7,104.04","7,349.05","7,348.98","7,581.00","7,737.98","7,848.25","7,223.15"
MOZ,488.999,501.206,455.968,376.592,346.558,346.402,337.119,387.146,419.697,445.453,444.161,462.17,420.15,447.707,459.678,454.509,490.642,531.519,569.595,620.254,611.227,666.519,708.301,736.265,772.668,801.543,849.882,890.13,928.631,960.003,993.975,"1,037.89","1,082.25","1,125.50","1,175.50","1,220.38","1,232.96","1,245.03","1,253.90","1,248.87","1,210.15"
MMR,n/a,n/a,n/a,n/a,n/a,n/a,n/a,n/a,n/a,n/a,n/a,n/a,n/a,n/a,n/a,n/a,n/a,n/a,953.019,"1,018.76","1,130.11","1,256.08","1,367.04","1,534.69","1,757.54","1,983.66","2,234.06","2,497.73","2,669.34","2,767.99","2,893.04","3,029.00","3,200.39","3,424.73","3,673.82","3,914.34","4,130.24","4,332.72","4,575.10","4,848.56","4,968.73"
NAM,n/a,n/a,n/a,n/a,n/a,n/a,n/a,n/a,n/a,n/a,"6,642.05","6,710.62","7,068.00","6,729.59","6,727.92","6,807.64","6,815.55","6,881.37","6,887.97","6,903.10","7,054.73","7,216.07","7,573.46","7,708.45","8,083.17","8,313.37","8,489.67","8,791.72","8,891.31","8,785.84","9,178.76","9,503.53","9,802.22","10,160.98","10,578.65","10,822.65","10,622.90","10,316.89","10,235.87","9,881.61","8,907.58"
NRU,n/a,n/a,n/a,n/a,n/a,n/a,n/a,n/a,n/a,n/a,n/a,n/a,n/a,n/a,n/a,n/a,n/a,n/a,n/a,n/a,n/a,n/a,n/a,n/a,"4,450.78","4,491.39","5,301.89","4,056.89","4,801.61","5,150.76","5,482.70","6,008.65","6,444.94","8,093.78","9,401.05","9,237.64","9,097.95","8,342.69","8,983.78","9,458.46","9,342.49"
NPL,"1,269.71","1,344.34","1,363.13","1,292.14","1,384.91","1,436.90","1,469.27","1,461.68","1,539.50","1,569.18","1,601.92","1,660.00","1,682.01","1,699.69","1,791.23","1,807.39","1,859.54","1,914.51","1,930.41","1,978.17","2,061.35","2,141.07","2,110.82","2,163.02","2,234.16","2,282.69","2,330.32","2,380.97","2,499.42","2,591.63","2,703.42","2,793.00","2,922.54","3,033.66","3,217.34","3,331.87","3,316.09","3,565.92","3,774.77","3,974.11","3,849.18"
NLD,"30,848.89","30,436.46","29,883.53","30,294.98","31,120.20","31,815.93","32,639.73","33,048.70","34,329.53","35,648.94","36,920.56","37,528.56","37,825.80","38,027.36","38,910.04","39,775.00","40,979.48","42,551.84","44,290.60","46,206.44","47,832.02","48,568.57","48,316.50","48,131.74","48,888.64","49,743.93","51,375.59","53,235.95","54,235.10","51,991.29","52,404.98","52,958.92","52,179.20","51,960.08","52,544.34","53,346.88","54,264.39","55,509.26","56,490.39","57,102.06","54,538.60"
NZL,"24,432.94","25,024.63","25,545.50","25,272.17","26,736.26","26,800.45","27,039.60","27,453.90","27,353.74","27,188.13","26,869.49","25,833.70","25,740.75","26,774.55","27,892.93","28,826.03","29,531.52","29,873.12","29,701.52","30,875.18","32,011.52","32,602.71","33,587.55","34,347.30","35,455.62","36,154.82","36,766.26","37,666.98","37,292.28","36,467.33","36,708.57","37,092.34","37,791.00","38,347.53","39,136.58","39,744.06","40,406.25","40,971.13","41,619.00","41,916.40","39,830.34"
NIC,n/a,n/a,n/a,n/a,n/a,n/a,n/a,n/a,n/a,n/a,n/a,n/a,n/a,n/a,"3,470.12","3,569.16","3,693.72","3,741.09","3,803.37","3,991.20","4,072.43","4,108.73","4,056.60","4,075.61","4,206.59","4,299.83","4,431.78","4,596.06","4,692.47","4,479.93","4,618.61","4,762.06","5,009.24","5,201.88","5,394.63","5,594.89","5,789.89","5,995.60","5,699.39","5,421.85","5,284.52"
NER,"1,564.30","1,510.06","1,491.15","1,385.37","1,114.30","1,161.76","1,196.70","1,160.62","1,202.28","1,176.64","1,125.53","1,084.89","1,070.18","1,037.63","1,021.23","1,011.08",977.451,958.091,"1,016.95",979.015,932.902,964.968,976.013,961.21,929.56,961.23,980.856,974.39,"1,010.81",992.126,"1,036.63","1,020.71","1,085.17","1,099.01","1,127.20","1,131.92","1,151.59","1,163.64","1,200.76","1,224.34","1,193.17"
NGA,n/a,n/a,n/a,n/a,n/a,n/a,n/a,n/a,n/a,n/a,"2,902.64","2,814.03","2,804.15","2,777.73","2,716.27","2,699.10","2,739.41","2,749.19","2,748.47","2,694.70","2,773.09","2,884.61","3,223.57","3,441.45","3,704.77","3,863.21","4,016.81","4,198.76","4,383.33","4,624.69","5,009.75","5,115.75","5,193.54","5,329.12","5,516.38","5,514.78","5,284.90","5,190.36","5,155.07","5,135.49","4,916.71"
MKD,n/a,n/a,n/a,n/a,n/a,n/a,n/a,n/a,n/a,n/a,n/a,n/a,"10,277.92","9,461.11","9,243.55","9,087.87","9,133.51","9,227.70","9,493.80","9,862.93","10,270.89","9,923.26","10,043.62","10,242.92","10,689.43","11,170.72","11,715.30","12,453.96","13,113.37","13,040.22","13,448.33","13,746.23","13,666.93","14,043.06","14,528.77","15,073.64","15,484.84","15,640.30","16,076.65","16,593.95","15,841.91"
NOR,"33,292.39","33,703.24","33,655.96","34,892.81","36,902.09","38,826.45","40,252.52","40,721.38","40,401.85","40,701.49","41,324.86","42,358.42","43,615.29","44,590.93","46,591.00","48,287.84","50,452.96","52,871.40","53,925.86","54,608.36","56,014.49","56,941.40","57,410.53","57,608.44","59,552.93","60,686.36","61,609.70","62,785.86","62,223.07","60,445.71","60,057.98","59,856.17","60,679.69","60,607.49","61,080.26","61,695.71","61,801.98","62,782.11","63,083.35","63,230.51","62,374.15"
OMN,"15,596.60","16,858.22","18,797.05","20,237.92","21,515.00","24,639.73","23,595.13","21,320.62","22,438.91","21,824.56","26,119.84","26,725.85","27,987.47","28,714.79","28,901.19","29,466.39","29,587.85","30,746.89","30,973.07","30,519.04","31,953.84","32,823.92","31,930.29","30,566.14","30,428.08","30,615.44","31,629.53","32,356.13","34,267.26","35,132.03","34,441.51","32,141.17","31,898.09","31,502.84","30,854.20","30,996.15","30,635.93","29,758.24","29,759.30","29,410.21","28,607.15"
PAK,"2,053.04","2,117.86","2,212.57","2,296.79","2,323.17","2,458.17","2,545.66","2,623.89","2,721.52","2,780.90","2,826.68","2,907.23","3,000.36","2,985.61","3,038.20","3,113.70","3,238.92","3,216.05","3,250.66","3,309.30","3,362.37","3,337.65","3,373.96","3,447.21","3,633.36","3,884.10","4,034.95","4,182.97","4,218.53","4,145.13","4,164.20","4,226.98","4,300.84","4,370.81","4,458.57","4,549.57","4,666.49","4,817.92","4,990.93","4,992.67","4,881.90"
PLW,n/a,n/a,n/a,n/a,n/a,n/a,n/a,n/a,n/a,n/a,n/a,n/a,n/a,n/a,n/a,n/a,n/a,n/a,n/a,n/a,"11,412.07","11,973.07","12,303.15","11,807.13","12,282.17","12,667.12","12,684.13","13,053.38","12,581.77","12,062.27","12,305.60","13,176.46","13,642.91","13,570.70","14,414.15","14,878.97","14,635.11","14,324.47","15,468.72","15,269.83","13,563.53"
PAN,"11,318.97","12,067.12","12,415.51","11,586.91","11,633.17","11,938.23","12,096.12","11,624.18","9,857.41","9,804.47","10,383.51","11,121.95","11,782.14","12,167.57","12,257.76","12,219.63","12,854.09","13,410.41","14,103.49","14,357.98","14,456.96","14,249.16","14,283.53","14,600.28","15,399.57","16,198.69","17,260.77","19,004.18","20,509.87","20,407.11","21,231.75","23,240.43","25,084.05","26,375.43","27,268.89","28,381.54","29,332.60","30,510.96","31,147.80","31,637.97","25,597.00"
PNG,"2,739.41","2,697.97","2,659.20","2,690.07","2,606.25","2,634.64","2,726.28","2,843.39","2,841.29","2,684.14","2,490.60","2,646.85","2,792.32","3,085.15","3,321.34","3,122.79","3,242.92","2,960.04","3,021.15","3,001.53","2,855.90","2,783.95","2,713.36","2,888.93","2,837.56","2,889.48","2,894.52","3,049.42","2,971.48","3,102.24","3,240.13","3,106.95","3,083.84","3,133.47","3,483.12","3,635.27","3,756.59","3,809.91","3,721.66","3,859.26","3,633.78"
PRY,"8,372.53","8,874.55","8,496.08","7,998.04","7,984.20","8,052.19","7,825.06","7,893.29","8,100.48","8,308.08","8,650.37","8,406.97","8,378.60","8,616.35","8,893.07","9,309.83","9,267.22","9,467.17","9,284.14","8,974.17","8,591.16","8,360.48","8,206.88","8,409.87","8,599.56","8,634.26","8,899.12","9,228.74","9,658.62","9,482.25","10,375.58","10,650.89","10,433.23","11,142.47","11,511.73","11,693.28","12,021.82","12,437.52","12,673.89","12,493.46","12,210.36"
PER,"7,465.83","7,680.40","7,471.76","6,615.51","6,708.70","6,693.81","7,336.15","7,728.80","6,848.88","5,805.09","5,398.59","5,409.15","5,276.22","5,448.75","6,007.70","6,338.52","6,403.07","6,702.24","6,566.11","6,558.46","6,632.80","6,576.80","6,838.79","7,027.91","7,280.63","7,640.67","8,116.44","8,705.64","9,394.37","9,387.04","10,066.31","10,595.07","11,099.56","11,616.70","11,763.93","12,017.42","12,407.54","12,536.81","12,897.39","12,786.95","11,253.13"
PHL,"4,604.13","4,644.47","4,695.05","4,665.47","4,219.23","3,816.52","3,853.18","3,921.29","4,093.37","4,246.10","4,275.46","4,159.87","4,081.68","4,074.97","4,156.47","4,248.91","4,279.59","4,401.75","4,272.78","4,322.28","4,514.05","4,553.47","4,625.02","4,762.98","4,976.23","5,122.85","5,294.50","5,537.58","5,676.05","5,658.89","5,970.91","6,099.13","6,414.79","6,739.98","7,058.12","7,393.04","7,790.26","8,199.05","8,587.92","8,976.81","8,012.32"
POL,"12,374.27","11,037.57","10,406.99","10,835.76","10,703.46","11,034.03","11,349.40","11,551.59","11,919.73","12,361.76","11,366.51","10,542.63","10,728.93","11,155.45","11,715.52","12,503.81","13,274.03","14,203.67","14,903.28","15,574.72","16,409.48","16,611.32","16,856.28","17,456.79","18,340.02","18,991.50","20,164.75","21,606.57","22,519.85","23,145.38","24,082.51","25,201.85","25,535.03","25,826.06","26,729.99","27,871.32","28,776.05","30,161.55","31,773.19","33,219.40","32,327.18"
PRT,"16,489.86","16,923.35","17,184.07","17,270.74","17,025.20","17,256.53","17,813.22","19,177.93","20,223.04","21,599.09","23,347.49","24,189.96","24,966.53","24,764.62","25,065.86","25,555.58","26,352.04","27,388.98","28,561.19","29,509.66","30,421.13","30,794.54","30,862.49","30,460.71","30,931.34","31,115.60","31,564.12","32,291.79","32,348.24","31,308.65","31,837.94","31,343.85","30,194.56","30,080.45","30,482.57","31,157.64","31,887.22","33,086.05","34,083.37","34,923.22","32,270.19"
PRI,"16,801.89","16,842.61","16,189.93","16,121.45","17,142.05","17,328.07","18,557.26","19,270.14","20,306.64","21,076.31","21,653.67","22,009.33","22,858.01","23,750.37","24,561.74","25,481.32","25,861.84","26,897.72","28,403.10","29,389.91","30,124.84","32,906.42","33,577.33","34,341.88","35,017.11","34,370.83","34,030.14","33,832.14","33,403.59","32,930.52","32,960.84","33,224.69","33,639.04","33,922.30","34,070.28","34,301.81","34,492.82","34,627.22","34,046.50","34,450.48","32,253.74"
QAT,"140,771.66","124,882.60","106,442.16","94,051.65","102,270.99","84,207.46","83,146.65","80,493.82","80,993.51","82,087.93","59,959.38","57,997.51","63,457.67","62,586.88","63,393.55","62,854.31","64,065.23","79,210.37","84,019.05","83,864.29","86,435.55","87,650.38","91,006.79","90,264.55","98,632.60","93,270.31","101,382.62","100,604.59","87,676.73","93,993.70","105,738.96","116,493.45","115,334.92","111,365.51","106,059.19","101,000.83","96,943.82","91,742.83","91,679.05","91,248.78","88,639.78"
ROU,"13,451.81","13,385.47","13,841.78","14,613.14","15,427.19","15,342.18","15,627.89","15,663.70","15,504.02","14,552.15","13,719.02","11,963.62","10,956.88","11,185.53","11,696.69","12,606.44","13,177.43","12,445.88","11,905.94","11,825.06","12,182.81","12,833.86","13,947.70","14,384.65","15,963.23","16,816.80","18,274.16","19,713.39","22,065.11","21,046.77","20,370.79","20,857.32","21,392.14","22,282.99","23,164.65","23,941.97","25,213.72","27,219.98","28,602.92","29,975.96","28,936.93"
RUS,n/a,n/a,n/a,n/a,n/a,n/a,n/a,n/a,n/a,n/a,"21,433.20","20,296.62","17,320.61","15,801.68","13,796.63","13,241.94","12,782.71","12,986.21","12,311.12","13,150.91","14,529.96","15,338.28","16,141.89","17,403.78","18,721.77","19,993.88","21,680.72","23,550.15","24,787.88","22,833.74","23,856.88","25,032.04","25,986.48","26,383.75","26,105.56","25,542.03","25,546.35","25,999.32","26,747.18","27,295.85","26,450.49"
RWA,"1,050.32","1,038.06",975.956,997.126,"1,099.77","1,110.38","1,132.48","1,091.09","1,057.09",963.974,945.69,878.028,935.356,893.174,559.992,738.547,833.589,914.87,908.291,846.851,893.559,944.911,"1,043.09","1,040.56","1,079.01","1,153.40","1,231.66","1,297.16","1,396.38","1,452.89","1,512.64","1,600.89","1,689.60","1,736.49","1,793.15","1,900.42","1,978.90","2,005.48","2,123.52","2,266.86","2,215.06"
WSM,n/a,n/a,n/a,n/a,n/a,n/a,n/a,n/a,n/a,n/a,n/a,n/a,n/a,n/a,n/a,n/a,n/a,n/a,"3,802.45","3,761.56","3,933.93","4,202.01","4,413.93","4,615.99","4,728.77","5,011.15","5,085.40","5,077.24","5,222.65","5,158.24","5,250.23","5,424.85","5,158.47","5,093.15","5,057.15","5,238.04","5,592.57","5,601.13","5,437.22","5,582.27","5,358.57"
SMR,n/a,n/a,n/a,n/a,n/a,n/a,n/a,n/a,n/a,n/a,n/a,n/a,n/a,n/a,n/a,n/a,n/a,n/a,n/a,n/a,n/a,n/a,n/a,n/a,"80,994.87","82,009.15","84,071.61","88,906.20","87,451.61","77,596.69","72,169.39","65,243.13","59,829.41","58,642.97","57,573.06","58,600.03","59,666.47","59,522.01","60,124.20","61,649.02","55,384.56"
STP,"4,106.11","3,609.60","3,641.04","3,418.94","3,133.59","3,335.96","3,058.82","2,887.65","2,864.00","2,869.25","2,729.37","2,685.10","2,626.19","2,624.19","2,632.05","2,635.04","2,625.27","2,603.02","2,619.87","2,637.40","2,602.58","2,620.78","2,633.59","2,749.45","2,790.71","2,915.75","3,097.58","3,108.63","3,290.40","3,291.40","3,430.75","3,501.61","3,532.69","3,623.57","3,780.06","3,823.55","3,903.42","3,975.03","3,997.40","3,973.39","3,629.91"
SAU,"87,256.10","84,712.01","63,950.86","51,127.17","46,420.75","39,878.33","44,438.76","39,513.87","42,563.74","40,331.24","44,244.68","48,459.68","47,415.72","45,879.71","45,030.61","44,044.87","44,123.35","43,541.50","43,727.85","41,073.94","42,345.01","40,830.00","38,728.20","42,047.38","44,299.51","45,233.71","44,967.84","44,293.81","45,518.60","43,120.07","43,809.96","46,809.04","47,957.04","47,940.56","49,125.67","49,953.76","49,629.13","48,014.57","48,004.54","47,219.26","44,373.39"
SEN,"2,565.01","2,623.43","2,751.52","2,531.47","2,550.64","2,557.42","2,558.91","2,633.63","2,539.92","2,563.56","2,473.68","2,466.88","2,430.55","2,391.59","2,320.05","2,396.52","2,380.42","2,386.71","2,470.57","2,557.79","2,595.11","2,642.69","2,580.83","2,658.56","2,712.88","2,758.36","2,750.20","2,754.19","2,780.62","2,780.62","2,797.11","2,757.08","2,788.67","2,777.11","2,868.32","2,966.45","3,067.66","3,203.90","3,309.48","3,361.46","3,297.37"
SRB,n/a,n/a,n/a,n/a,n/a,n/a,n/a,n/a,n/a,n/a,n/a,n/a,n/a,n/a,n/a,n/a,n/a,"8,799.74","9,048.46","7,978.21","8,624.77","9,070.96","9,720.84","10,176.43","11,122.97","12,289.29","12,967.89","13,859.04","14,705.32","14,361.08","14,524.33","14,932.56","14,902.91","15,408.77","15,237.76","15,588.00","16,193.00","16,621.47","17,463.78","18,254.98","18,148.73"
SYC,"11,018.88","10,463.68","10,186.84","10,136.34","10,510.36","11,498.64","11,514.25","11,573.62","12,144.70","13,314.07","14,236.63","14,436.05","15,400.71","16,184.70","15,374.97","15,224.07","16,502.26","18,298.50","18,386.88","18,366.75","18,977.76","18,530.53","18,410.43","17,314.44","16,883.31","18,320.04","19,629.11","21,563.64","20,635.41","20,326.99","20,942.49","22,656.72","23,261.08","24,209.67","24,916.01","25,638.75","26,580.80","27,711.69","27,772.42","28,036.64","24,090.67"
SLE,"2,209.02","2,196.61","2,189.81","2,105.90","2,129.49","1,947.12","1,907.08","1,910.75","1,909.24","1,957.66","1,959.11","1,790.55","1,618.18","1,626.08","1,690.48","1,523.06","1,143.23",937.153,919.51,829.514,838.145,955.123,"1,156.04","1,206.68","1,231.16","1,238.40","1,250.05","1,314.61","1,353.07","1,365.22","1,406.18","1,461.32","1,645.68","1,942.84","1,987.01","1,545.72","1,608.74","1,633.73","1,654.60","1,708.82","1,635.09"
SGP,"22,431.71","23,691.13","24,284.24","26,021.50","27,779.33","27,568.61","27,965.23","30,522.37","33,109.35","35,417.61","37,412.33","38,794.89","40,146.36","43,630.40","46,975.56","48,851.45","50,410.28","52,801.50","49,917.37","52,354.58","56,106.73","54,029.74","55,634.72","59,022.10","64,011.43","67,125.57","70,915.99","74,159.39","71,629.83","69,585.85","78,294.03","81,538.37","83,112.01","85,732.80","87,959.42","89,519.74","91,307.50","95,350.44","98,222.85","98,411.58","92,003.19"
SVK,n/a,n/a,n/a,n/a,n/a,n/a,n/a,n/a,n/a,n/a,n/a,n/a,n/a,"12,067.89","12,744.96","13,671.78","14,590.44","15,322.12","15,920.82","15,887.07","16,056.75","16,640.43","17,390.27","18,360.49","19,340.49","20,618.42","22,368.56","24,790.37","26,158.33","24,702.13","26,113.65","26,846.99","27,296.12","27,444.93","28,143.32","29,469.05","30,070.38","30,933.60","32,053.55","32,752.31","31,006.79"
SVN,n/a,n/a,n/a,n/a,n/a,n/a,n/a,n/a,n/a,n/a,n/a,n/a,"18,987.80","19,617.54","20,657.27","21,501.36","22,266.98","23,429.97","24,223.48","25,600.23","26,414.63","27,232.18","28,131.24","28,949.35","30,190.21","31,318.62","33,022.96","35,204.70","36,442.26","33,325.15","33,531.88","33,767.68","32,791.59","32,401.61","33,261.95","33,967.58","35,029.47","36,678.31","38,268.22","39,220.66","36,786.48"
SLB,"2,465.97","2,341.70","2,227.74","2,240.79","2,175.25","2,044.17","1,981.25","2,088.03","2,056.12","2,085.15","2,072.32","2,135.60","2,339.58","2,365.03","2,485.15","2,659.82","2,628.00","2,532.53","2,495.40","2,416.26","2,015.97","1,806.53","1,710.11","1,774.92","1,845.73","1,900.09","1,945.29","1,984.63","2,052.34","2,058.38","2,186.96","2,295.52","2,288.97","2,357.80","2,328.99","2,311.15","2,394.21","2,467.93","2,510.02","2,485.57","2,327.01"
SOM,n/a,n/a,n/a,n/a,n/a,n/a,n/a,n/a,n/a,n/a,n/a,n/a,n/a,n/a,n/a,n/a,n/a,n/a,n/a,n/a,n/a,n/a,n/a,n/a,n/a,n/a,n/a,n/a,n/a,n/a,n/a,n/a,939.583,930.084,925.147,930.181,930.128,916.435,915.544,915.544,876.396
ZAF,"11,212.38","11,516.42","11,179.94","10,694.00","10,960.15","10,574.58","10,341.29","10,334.87","10,542.55","10,563.94","10,295.66","9,947.47","9,493.10","9,374.91","9,453.82","9,543.65","9,770.72","9,863.43","9,764.30","9,847.68","10,103.75","10,193.08","10,423.10","10,627.09","10,992.74","11,439.85","11,934.77","12,409.82","12,624.26","12,245.64","12,425.16","12,636.27","12,720.50","12,837.50","12,877.44","12,835.25","12,692.90","12,681.72","12,596.00","12,435.79","11,405.93"
SSD,n/a,n/a,n/a,n/a,n/a,n/a,n/a,n/a,n/a,n/a,n/a,n/a,n/a,n/a,n/a,n/a,n/a,n/a,n/a,n/a,n/a,n/a,n/a,n/a,n/a,n/a,n/a,n/a,n/a,n/a,n/a,"2,077.08",954.343,"1,194.58","1,191.75","1,154.53",970.485,888.762,845.389,827.106,750.108
ESP,"21,052.81","20,769.73","20,915.03","21,161.36","21,435.24","21,864.39","22,549.56","23,781.36","24,985.02","26,183.14","27,142.71","27,754.55","27,898.43","27,446.47","28,011.78","29,098.30","29,734.04","30,802.05","32,066.16","33,415.20","34,809.88","35,992.31","36,387.12","36,786.55","37,346.87","38,000.09","38,937.11","39,559.00","39,262.06","37,469.07","37,374.73","36,932.70","35,817.26","35,433.70","36,030.07","37,448.75","38,549.55","39,626.47","40,418.97","40,879.98","36,393.34"
LKA,"2,663.11","2,768.08","2,876.73","2,937.80","3,102.01","3,224.07","3,329.13","3,344.20","3,400.32","3,442.08","3,617.81","3,961.28","3,793.59","4,034.45","4,317.79","4,541.80","5,059.69","5,549.08","5,430.21","5,557.02","5,988.11","5,829.82","5,999.25","6,302.22","6,589.46","6,944.23","7,419.42","7,865.37","8,274.18","8,507.59","9,126.87","9,827.54","10,712.40","10,990.07","11,428.11","11,890.52","12,287.47","12,584.10","12,860.32","13,070.13","12,526.76"
KNA,"7,614.90","7,861.94","8,384.83","8,255.12","9,104.22","9,755.09","10,698.11","11,679.60","12,984.24","13,830.72","14,591.53","14,857.67","15,186.05","15,823.32","16,471.05","16,835.41","17,630.08","18,717.68","18,708.31","19,226.06","20,837.91","21,650.26","21,640.47","20,496.49","21,020.11","22,762.43","23,193.73","23,064.47","24,209.14","22,976.28","22,588.52","22,753.16","21,998.76","22,931.20","24,114.11","24,116.51","24,547.72","23,818.76","24,267.29","24,704.66","19,894.00"
LCA,"6,246.20","6,476.84","6,528.62","6,705.82","7,142.40","7,917.61","8,922.06","9,142.23","10,261.15","10,989.04","11,948.92","11,829.37","12,568.87","12,556.27","12,505.45","12,478.28","12,635.80","12,329.84","12,907.77","13,101.47","12,915.27","12,324.70","12,280.07","12,685.19","13,455.21","13,245.32","13,896.95","14,002.71","14,514.75","14,731.31","14,712.53","15,272.15","15,061.55","14,589.82","14,619.59","14,453.25","14,863.74","15,253.74","15,534.17","15,703.80","12,663.80"
VCT,"4,427.61","4,559.72","4,639.51","4,752.53","4,967.98","5,143.74","5,384.59","5,383.86","6,056.25","6,222.51","6,471.51","6,564.47","7,031.94","7,286.04","7,202.84","7,694.24","7,777.58","8,070.40","8,432.24","8,611.87","8,769.41","8,921.43","9,442.91","10,123.70","10,497.69","10,711.38","11,484.13","11,816.05","11,991.29","11,727.84","11,323.24","11,264.50","11,408.78","11,606.29","11,735.46","11,879.69","12,093.01","12,201.78","12,453.27","12,483.43","11,949.71"
SDN,"2,951.30","3,046.50","3,082.51","2,952.46","2,661.94","2,573.29","2,751.86","2,849.88","2,915.76","2,883.93","2,733.04","2,839.03","2,909.71","2,903.65","2,920.55","3,293.07","3,394.11","3,525.74","3,739.48","3,820.92","4,048.08","4,375.45","4,522.01","4,677.64","4,793.26","4,945.46","5,134.95","5,291.85","5,356.16","5,075.94","5,138.19","6,110.87","4,725.34","4,670.09","4,740.23","4,686.60","4,706.50","4,602.32","4,368.05","4,135.43","3,884.33"
SUR,n/a,n/a,n/a,n/a,n/a,n/a,n/a,n/a,n/a,n/a,"12,333.92","10,475.18","10,755.61","10,364.37","9,525.00","10,445.92","11,478.21","12,102.06","12,221.35","11,934.62","11,780.57","12,178.18","12,483.52","13,124.79","13,832.41","14,346.44","15,001.86","15,590.16","16,014.65","16,274.67","16,888.52","17,586.62","18,003.30","18,241.86","18,008.33","17,132.12","15,943.53","16,015.83","16,236.92","16,087.42","13,757.70"
SWE,"27,261.11","28,481.45","28,863.79","29,446.92","30,682.74","31,338.26","32,179.36","33,113.38","33,750.75","34,370.89","34,372.53","33,783.09","33,282.66","32,475.68","33,479.11","34,713.44","35,233.82","36,302.86","37,839.55","39,415.04","41,194.38","41,667.95","42,432.58","43,243.98","44,940.55","46,039.55","47,839.92","49,109.80","48,500.75","45,977.02","48,326.18","49,516.51","48,848.97","48,973.21","49,746.19","51,432.46","51,740.37","52,413.09","52,860.88","53,079.62","51,326.96"
CHE,"48,508.79","49,047.90","48,054.13","48,047.49","49,452.46","51,091.96","51,775.93","52,274.79","53,569.15","55,513.81","57,099.05","55,921.54","55,095.86","54,471.52","54,683.87","54,606.20","54,576.37","55,648.12","57,213.11","57,944.14","59,969.36","60,665.86","60,199.79","59,676.86","60,827.67","62,133.56","64,327.08","66,493.39","67,502.12","65,182.00","66,541.16","67,091.90","67,263.49","67,793.90","68,575.90","68,868.65","69,485.14","69,853.10","71,431.53","71,711.85","69,079.48"
SYR,,,,,,,,,,,,,,,,,,,,,,,,,,,,,,,,,,,,,,,,,
TWN,"8,277.16","8,705.05","8,965.21","9,631.23","10,444.18","10,807.62","11,931.17","13,305.24","14,207.60","15,291.83","15,945.57","17,108.97","18,355.47","19,426.16","20,703.77","21,863.83","23,033.10","24,182.69","24,986.05","26,470.39","27,909.03","27,359.57","28,711.62","29,813.67","31,767.36","33,358.05","35,119.30","37,391.42","37,561.50","36,823.40","40,521.89","41,897.10","42,660.86","43,612.48","45,553.26","46,106.21","47,008.92","48,500.85","49,815.03","51,260.91","52,822.58"
TJK,n/a,n/a,n/a,n/a,n/a,n/a,n/a,n/a,n/a,n/a,n/a,n/a,"2,034.68","1,796.82","1,403.90","1,215.25","1,148.47","1,150.50","1,187.79","1,196.21","1,274.38","1,379.75","1,477.16","1,595.85","1,729.27","1,807.08","1,893.14","1,997.49","2,108.89","2,143.32","2,232.21","2,343.93","2,463.27","2,586.43","2,698.69","2,798.41","2,927.69","3,070.05","3,226.93","3,399.97","3,484.25"
TZA,"1,271.07","1,238.51","1,207.87","1,199.09","1,202.77","1,220.18","1,262.07","1,297.26","1,314.31","1,322.85","1,371.54","1,354.14","1,316.35","1,287.99","1,267.04","1,274.37","1,297.47","1,310.99","1,329.63","1,361.66","1,394.00","1,439.50","1,501.20","1,560.28","1,635.53","1,707.17","1,737.11","1,831.69","1,880.47","1,925.56","1,989.22","2,084.10","2,127.00","2,204.25","2,283.08","2,352.07","2,439.36","2,527.81","2,624.35","2,725.39","2,673.74"
THA,"3,914.63","4,064.33","4,201.08","4,354.39","4,522.19","4,647.38","4,816.32","5,180.35","5,767.61","6,368.72","7,010.15","7,509.65","8,120.70","8,745.55","9,358.71","10,017.93","10,467.46","10,059.38","9,180.02","9,489.82","9,809.62","10,053.82","10,583.76","11,260.16","11,886.33","12,304.40","12,837.88","13,460.06","13,620.53","13,458.53","14,399.05","14,450.48","15,424.54","15,767.36","15,854.13","16,285.39","16,782.10","17,422.95","18,095.74","18,453.47","17,286.87"
TLS,n/a,n/a,n/a,n/a,n/a,n/a,n/a,n/a,n/a,n/a,n/a,n/a,n/a,n/a,n/a,n/a,n/a,n/a,n/a,n/a,"2,295.04","2,635.90","2,424.74","2,335.51","2,305.80","2,332.43","2,192.81","2,365.85","2,573.76","2,751.70","2,930.05","3,045.46","3,172.28","3,182.53","3,264.56","3,297.89","3,344.57","3,145.48","3,051.67","3,552.60","3,206.21"
TGO,"2,389.28","2,232.75","2,073.98","1,894.68","1,933.37","1,936.11","1,933.81","1,826.74","1,952.22","1,976.41","2,039.87","1,981.28","1,877.45","1,538.65","1,714.02","2,000.23","1,868.64","1,880.40","1,779.73","1,768.44","1,700.09","1,667.25","1,686.32","1,754.53","1,693.77","1,573.27","1,572.58","1,512.68","1,531.91","1,573.47","1,625.04","1,683.36","1,746.36","1,804.86","1,862.62","1,919.74","1,976.82","2,012.26","2,061.16","2,121.27","2,084.50"
TON,"1,844.46","2,091.38","2,346.46","2,456.28","3,502.44","3,718.04","4,066.63","4,124.98","3,960.79","3,984.45","4,150.98","4,369.63","4,182.70","4,159.27","4,253.15","4,575.10","4,563.94","4,527.36","4,612.73","4,699.24","4,856.17","4,906.82","5,106.33","5,088.19","4,971.76","4,930.72","4,802.73","4,663.41","4,872.95","4,608.26","4,633.89","4,927.21","4,966.11","5,007.87","5,135.89","5,223.46","5,623.08","5,813.76","5,838.66","5,888.78","5,868.71"
TTO,"15,104.16","15,548.40","15,879.24","14,017.69","13,016.97","12,318.50","11,782.81","11,140.34","10,618.17","10,454.45","10,540.41","10,797.85","11,814.84","11,670.48","12,029.50","12,441.29","13,293.43","14,267.49","15,403.90","16,610.71","17,711.78","18,302.19","19,525.47","22,125.14","23,625.83","24,895.44","28,293.84","29,364.79","30,191.31","28,594.30","29,423.10","29,190.07","28,798.40","29,246.93","28,796.43","29,053.19","27,281.74","26,342.58","26,250.30","25,827.82","23,728.09"
TUN,"4,810.83","4,937.39","4,796.78","4,904.38","5,125.92","5,243.45","4,973.82","5,195.99","5,112.69","5,151.75","5,350.88","5,449.93","5,759.45","5,780.06","5,874.92","5,927.70","6,236.81","6,503.86","6,743.83","7,071.93","7,303.38","7,513.63","7,552.32","7,847.51","8,272.02","8,488.50","8,851.59","9,351.98","9,645.96","9,831.37","10,063.61","9,759.15","10,041.33","10,204.79","10,376.10","10,378.12","10,386.28","10,467.26","10,634.31","10,625.59","9,592.87"
TUR,"9,122.79","9,306.73","9,408.98","9,637.19","10,072.02","10,282.99","10,778.57","11,633.68","11,662.99","11,485.36","12,332.08","12,237.75","12,758.21","13,563.63","12,622.22","13,321.68","14,040.15","14,873.72","15,117.16","14,416.15","15,198.58","14,133.90","14,864.25","15,537.13","16,852.71","18,141.34","19,159.89","19,882.14","19,783.25","18,558.16","19,804.92","21,728.07","22,496.66","24,074.30","24,929.24","26,095.08","26,599.44","28,242.49","28,655.15","28,517.51","28,677.54"
TKM,n/a,n/a,n/a,n/a,n/a,n/a,n/a,n/a,n/a,n/a,n/a,n/a,"3,780.79","3,368.70","2,715.44","2,464.27","2,256.24","1,969.76","2,073.38","2,386.07","2,796.89","3,329.95","3,814.45","4,420.55","5,017.31","5,610.70","6,156.33","6,757.33","7,660.35","8,029.86","8,628.81","9,732.80","10,615.94","11,480.29","12,436.40","13,003.25","13,620.66","14,324.56","15,054.48","15,770.80","15,660.55"
TUV,n/a,n/a,n/a,n/a,n/a,n/a,n/a,n/a,n/a,n/a,n/a,n/a,n/a,n/a,n/a,n/a,n/a,n/a,n/a,n/a,n/a,n/a,"3,478.26","3,327.30","3,229.82","3,057.34","3,105.62","3,260.63","3,447.47","3,262.88","3,114.40","3,304.56","3,135.72","3,255.12","3,280.66","3,569.56","3,764.93","3,922.61","4,031.57","4,257.15","4,263.08"
UGA,"1,040.59","1,048.76","1,101.20","1,120.22","1,052.51",987.262,962.075,964.801,"1,006.94","1,032.84","1,061.30","1,043.11","1,069.45","1,103.40","1,150.43","1,217.19","1,255.70","1,272.76","1,309.24","1,369.01","1,376.88","1,450.59","1,502.86","1,539.90","1,574.48","1,675.69","1,734.42","1,811.31","1,932.18","2,019.41","2,101.44","2,189.88","2,171.37","2,192.11","2,252.99","2,349.00","2,288.09","2,382.08","2,449.48","2,579.98","2,439.98"
UKR,n/a,n/a,n/a,n/a,n/a,n/a,n/a,n/a,n/a,n/a,n/a,"14,480.73","13,006.34","11,192.89","8,699.53","7,702.19","6,997.18","6,845.19","6,773.24","6,818.84","7,288.14","7,998.97","8,496.50","9,378.39","10,561.08","10,970.30","11,876.06","12,925.95","13,276.11","11,315.93","11,827.52","12,513.13","12,563.47","12,598.89","12,454.93","11,280.40","11,600.96","11,942.82","12,418.11","12,896.69","12,427.03"
ARE,"171,616.04","170,218.76","148,530.65","136,081.08","131,287.20","121,484.91","93,990.05","95,016.16","77,533.75","86,354.93","107,627.91","105,170.21","103,923.39","100,302.56","100,588.78","99,158.99","103,086.10","105,960.97","97,227.15","94,255.74","107,219.50","102,698.61","99,524.48","102,135.35","105,667.82","101,499.84","91,319.98","75,980.22","60,408.12","56,367.21","56,819.30","58,987.41","59,837.61","61,030.49","61,791.50","63,054.89","63,170.45","62,864.04","61,835.74","61,009.67","55,693.97"
GBR,"23,290.08","23,117.34","23,601.13","24,580.69","25,090.62","26,058.28","26,817.57","28,203.97","29,761.99","30,443.07","30,580.23","30,137.07","30,181.21","30,863.73","31,968.79","32,685.98","33,420.30","34,992.84","36,190.38","37,249.76","38,423.58","39,321.07","40,006.58","41,147.71","41,868.72","42,775.87","43,629.18","44,300.73","43,816.40","41,718.92","42,245.61","42,429.61","42,752.76","43,414.13","44,317.53","45,007.35","45,407.35","45,923.36","46,221.43","46,630.99","41,819.88"
USA,"31,984.15","32,468.62","31,579.53","32,728.29","34,790.84","35,920.74","36,828.27","37,763.65","38,985.02","40,037.95","40,342.60","39,766.99","40,624.95","41,202.62","42,345.47","42,970.73","44,075.29","45,488.41","46,975.92","48,649.69","50,101.14","50,083.40","50,459.74","51,418.87","52,889.17","54,243.31","55,266.46","55,748.87","55,158.43","53,294.71","54,244.91","54,700.07","55,538.38","56,177.78","57,186.54","58,525.02","59,107.97","60,105.85","61,577.52","62,605.88","60,114.17"
URY,"11,099.98","11,233.69","10,118.85","9,724.24","9,556.89","9,636.65","10,431.17","11,195.76","11,293.15","11,354.73","11,325.92","11,658.90","12,508.58","12,764.42","13,565.46","13,286.05","13,940.55","14,477.02","14,977.44","14,430.87","14,117.33","13,619.29","12,677.17","13,004.38","13,595.44","14,473.33","15,041.18","16,021.34","17,149.27","17,797.50","19,081.12","19,972.44","20,595.64","21,465.00","22,073.37","22,069.81","22,357.83","22,637.31","22,662.59","22,656.31","21,290.11"
UZB,n/a,n/a,n/a,n/a,n/a,n/a,n/a,n/a,n/a,n/a,n/a,n/a,"2,827.08","2,699.77","2,510.00","2,442.76","2,503.91","2,552.82","2,622.59","2,696.19","2,809.54","2,889.15","2,968.50","3,055.22","3,245.63","3,430.93","3,647.40","3,941.31","4,231.22","4,497.34","4,744.72","4,917.06","5,202.56","5,515.40","5,814.57","6,140.95","6,401.12","6,573.22","6,817.42","7,082.85","7,061.48"
VUT,"2,407.98","2,428.86","2,396.41","2,409.76","2,559.29","2,489.16","2,413.94","2,310.83","2,209.00","2,227.51","2,454.43","2,481.38","2,495.92","2,466.25","2,571.45","2,531.48","2,524.78","2,581.55","2,545.72","2,490.40","2,578.99","2,435.69","2,257.47","2,300.40","2,338.35","2,407.04","2,552.11","2,566.36","2,649.22","2,671.95","2,641.21","2,662.84","2,629.26","2,582.20","2,603.05","2,553.98","2,635.84","2,739.30","2,755.38","2,771.99","2,451.14"
VEN,"20,271.89","19,416.09","19,354.48","16,967.97","17,366.77","17,042.07","17,861.62","18,260.83","18,974.52","15,943.81","16,426.61","17,600.69","18,238.11","17,877.27","17,073.50","17,366.41","16,967.07","17,683.60","17,387.84","16,029.13","16,074.01","16,345.72","14,656.37","13,303.41","15,487.80","16,819.64","18,195.76","19,487.75","20,208.10","19,270.57","18,705.15","19,203.82","19,993.15","19,975.43","18,930.55","17,512.96","14,484.41","12,323.37","10,432.71","7,046.10","4,908.66"
VNM,"1,437.14","1,489.39","1,579.65","1,660.20","1,765.82","1,829.44","1,853.30","1,858.44","1,916.31","2,025.15","2,041.06","2,120.26","2,264.06","2,404.99","2,573.83","2,773.52","2,984.44","3,177.76","3,309.75","3,416.12","3,599.17","3,795.97","4,011.64","4,265.99","4,556.15","4,855.02","5,145.63","5,460.72","5,714.78","5,964.55","6,284.50","6,695.71","6,988.79","7,298.83","7,684.58","8,133.27","8,585.48","9,085.61","9,626.30","10,107.71","10,302.96"
WBG,n/a,n/a,n/a,n/a,n/a,n/a,n/a,n/a,n/a,n/a,n/a,n/a,n/a,n/a,"4,035.59","4,033.38","3,853.32","4,176.58","4,628.11","4,857.97","4,309.79","3,802.48","3,238.11","3,592.49","4,260.70","4,605.63","4,428.61","4,463.91","4,668.00","4,938.18","5,091.93","5,443.69","5,636.70","5,763.35","5,622.60","5,701.39","6,070.65","6,025.01","5,947.34","5,879.79","5,107.62"
YEM,n/a,n/a,n/a,n/a,n/a,n/a,n/a,n/a,n/a,n/a,"3,290.15","3,338.64","3,441.56","3,410.22","3,476.97","3,524.67","3,553.34","3,614.85","3,712.88","3,736.30","3,846.40","3,869.85","3,898.20","3,919.47","3,949.51","4,042.05","4,045.31","4,055.18","4,077.22","4,108.04","4,295.58","3,640.20","3,618.75","3,682.81","3,568.80","2,494.88","2,195.13","2,025.07","1,984.74","1,973.14","1,826.98"
ZMB,"2,957.21","3,052.88","2,871.77","2,752.53","2,624.52","2,578.90","2,546.29","2,509.08","2,661.39","2,487.76","2,397.98","2,311.22","2,290.37","2,224.10","1,871.12","1,876.24","1,940.90","1,960.86","1,900.73","1,936.06","1,959.07","2,010.80","2,048.77","2,136.22","2,227.95","2,326.07","2,441.40","2,571.19","2,691.62","2,854.27","3,055.69","3,129.70","3,266.60","3,328.48","3,379.56","3,372.89","3,394.54","3,407.31","3,438.08","3,383.31","3,167.98"
ZWE,n/a,n/a,n/a,n/a,n/a,n/a,n/a,n/a,n/a,n/a,n/a,n/a,n/a,n/a,n/a,n/a,n/a,n/a,"3,847.73","3,815.38","3,663.65","3,656.40","3,383.70","2,832.69","2,634.70","2,418.76","2,297.78","2,214.11","1,840.48","1,958.82","2,323.48","2,627.91","2,924.40","2,900.32","2,894.43","2,897.64","2,874.21","2,965.87","3,026.64","2,752.93","2,485.31"